[
{
  "model": "api.animal",
  "pk": 1,
  "fields": {
    "name_kor": "고라니",
    "name_eng": "Goat",
    "image_url": "https://i.namu.wiki/i/fCDzvNXe4SegDQEmBIU8lW-BJYNm9M_JJkW6mlYwrOqNvvM8SuTbW_RoRXk8rg98mjF9yGrxqHz2pxdVpD853g.webp",
    "description": "사람에게 해를 끼치지는 않지만, 가까이 다가가거나 자극하지 않도록 주의",
    "features": [
      "노루의 일종으로 몸이 작고 뿔이 없음",
      "견치(犬齒: 송곳니)가 송곳 모양으로 특별히 길게 자라 끝이 구부러져 있고, 입 밖으로 나옴"
    ],
    "precautions": [
      "찻길에서 만났을 땐 경적을 울리며 안전히 서행 통과"
    ]
  }
},
{
  "model": "api.animal",
  "pk": 2,
  "fields": {
    "name_kor": "멧돼지",
    "name_eng": "Wild boar",
    "image_url": "https://i.namu.wiki/i/EZEB0Ebs9QJhm-eL9ToQjluaCx-VOGqbapKdoyT1Rhb4qAB0OFyEyUboZtvB1_gImIv8_6GB_ifhWoi9OvQHLA.webp",
    "description": "사람에게 위해를 끼칠 수 있으니 절대 접근하지 말고, 거리를 두고 안전을 확보",
    "features": [
      "몸통이 짧고 튼튼하며, 앞다리에 비해 뒷다리가 덜 발달됨",
      "둔해보이는 생김새와 달리 매우 민첩함"
    ],
    "precautions": [
      "발견 즉시 신고하며, 바이러스가 옮을 수 있으니 접촉하지 않도록 조심"
    ]
  }
},
{
  "model": "api.animal",
  "pk": 3,
  "fields": {
    "name_kor": "청설모",
    "name_eng": "Squirrel",
    "image_url": "https://upload.wikimedia.org/wikipedia/commons/7/7d/%EB%8F%99%EB%B6%80%ED%9A%8C%EC%83%89%EB%8B%A4%EB%9E%8C%EC%A5%90.jpg",
    "description": "사람에게 해를 끼치지 않으니 조심히 지켜보기 바람",
    "features": [
      "복실복실한 긴 꼬리는 균형을 잡는데 도움을 주며, 잠을 잘 때 껴안고 자면 체온을 유지시켜줌"
    ],
    "precautions": [
      "유해하지 않으니 가까이 다가가거나 자극하지 않도록 주의"
    ]
  }
},
{
  "model": "api.animal",
  "pk": 4,
  "fields": {
    "name_kor": "다람쥐",
    "name_eng": "Chipmunk",
    "image_url": "https://cdn.polinews.co.kr/news/photo/202001/448410_1.jpg",
    "description": "사람에게 해를 끼치지 않으니 자연스럽게 두기 바람",
    "features": [
      "겨울잠을 자기 위해 먹이를 땅에 묻어 저장"
    ],
    "precautions": [
      "위험하지 않으니 자극하지 않고 조용히 관찰 바람"
    ]
  }
},
{
  "model": "api.animal",
  "pk": 5,
  "fields": {
    "name_kor": "너구리",
    "name_eng": "Raccoon",
    "image_url": "https://i.namu.wiki/i/TW0aMgm9rEqnZX1jKcgJXUSJCrppbKVvz7ApxrbSRSJHaURYsEK9A_2063-FN23kTI36rDLKy_n_PYVOamvMjQ.webp",
    "description": "사람에게 위해를 줄 수 있으니 거리를 두고 관찰 바람",
    "features": [
      "주둥이가 뾰족하고 귀가 동글동글하며, 몸에 살집이 많음",
      "개과 동물 중 유일하게 겨울잠을 자는 동물이며, 나무를 잘 타는 편에 속함"
    ],
    "precautions": [
      "접촉 시 바이러스 감염 위험이 있으니 접촉을 피해야 함"
    ]
  }
},
{
  "model": "api.animal",
  "pk": 6,
  "fields": {
    "name_kor": "반달가슴곰",
    "name_eng": "Asiatic black bear",
    "image_url": "https://i.namu.wiki/i/osXEr6lv9wHbhkgKwII9C2pcLj-ym0-s_86cdAGk6p48QPUyuqOWmftIs6KOp2xtftVFZyV_Ikb0hvWuHb9Tlw.webp",
    "description": "금속류의 쇳소리를 싫어하므로 호루라기를 소지하며 등을 보이지 않도록 주의",
    "features": [
      "곰 중에서 4번째로 크며, 앞발이 다른 곰보다 큰 편"
    ],
    "precautions": [
      "발견 즉시 신고 후 인기척을 내어 쫓아내야 함"
    ]
  }
},
{
  "model": "api.animal",
  "pk": 7,
  "fields": {
    "name_kor": "노루",
    "name_eng": "Roe deer",
    "image_url": "https://www.chosun.com/resizer/v2/NKTPEMDQPLVLIYZ5ODG4PSIBIE.jpg?auth=1b431042ab8ee3ccd652c8e03ccf4f1eecfa806bcf4423cef8f22514f37e08e9&width=616",
    "description": "사람에게 해를 끼치지 않으니 조용히 관찰 바람",
    "features": [
      "평소에는 붉은색을 띄지만, 겨울이 되면 북부는 밝은 회색, 남부 개체군은 회갈색이나 황토색을 띔",
      "엉덩이에 흰 반점이 있으며, 수컷은 3개의 갈래가 있는 큰 뿔이 남"
    ],
    "precautions": [
      "찻길에서 만났을 땐 경적을 울리며 안전히 서행 통과"
    ]
  }
},
{
  "model": "api.animal",
  "pk": 8,
  "fields": {
    "name_kor": "멧토끼",
    "name_eng": "Hare",
    "image_url": "https://i.namu.wiki/i/qfLWzMxXInptfEZIjvQsj9lHYTLqnZeooF30lcUp8Hh0_A0R7Ax3kG62FiPLjNVTMSxcmuUqyVFHD7tGgf_7Ww.webp",
    "description": "사람에게 위해가 없으니 조용히 관찰 바람",
    "features": [
      "천적은 맹금류, 고양이, 붉은 여우 등이 있음"
    ],
    "precautions": [
      "유해하지 않으나 지나치게 가까이 가지 않도록 주의"
    ]
  }
},
{
  "model": "api.animal",
  "pk": 9,
  "fields": {
    "name_kor": "족제비",
    "name_eng": "Weasel",
    "image_url": "https://i.namu.wiki/i/J9lnO2WAcdC2yR7zB-Tj_bxSkumSCagpSdrrf8eXZ4c7IZ1SirwWKT5R0Ta9HaJGoIk0hJ8qxzYwm16YadAeiw.webp",
    "description": "날렵하며 성질이 사나워 접근을 삼가야 함",
    "features": [
      "육식동물 중 가장 작은 종에 속하지만, 손에 꼽을 만큼 사나운 포식자",
      "몸동작이 날렵하며, 턱이 발달되어 무는 힘이 강함"
    ],
    "precautions": [
      "사람에게 유해한 동물이며 가급적 즉시 신고"
    ]
  }
},
{
  "model": "api.animal",
  "pk": 10,
  "fields": {
    "name_kor": "왜가리",
    "name_eng": "Heron",
    "image_url": "https://i.namu.wiki/i/H-57PFX-X-nihGQhyioHh2r-cJvkKnelpawBsLtKeAoGwkx8qheydMOsRqX1XraD_AlgfEX4lbqZ96vHqi2uzQ.webp",
    "description": "사람에게 해를 끼치지 않으니 조심히 지나가면 됨",
    "features": [
      "여러 가지 소리를 내지만 우는 소리가 고함치는 것과 같아 으악새라고 불리기도 함",
      "수달, 가물치와 함께 국내 하천의 최상위 포식자이며, 먹성이 좋음"
    ],
    "precautions": [
      "유해하지 않으니 가까이 다가가거나 자극하지 않도록 주의 바람"
    ]
  }
},
{
  "model": "api.animal",
  "pk": 11,
  "fields": {
    "name_kor": "중대백로",
    "name_eng": "Great egret",
    "image_url": "https://i.namu.wiki/i/yWaj8FGHllhpfWgULbsvseFL7iMVsYOLoeBg_pPxZO3nnXu8RWf5-sAzunc8oBpXKZEx41xAKubyNJdHqIvfxQ.webp",
    "description": "사람에게 해를 끼치지 않으니 가까이 다가가거나 자극하지 않도록 주의 바람",
    "features": [
      "몸 색은 전체적으로 흰색이지만, 속의 피부는 검음"
    ],
    "precautions": [
      "유해하지 않으니 자연스럽게 두면 됨"
    ]
  }
},
{
  "model": "api.location",
  "pk": 1,
  "fields": {
    "latitude": "37.654400",
    "longitude": "127.056800",
    "city": "서울",
    "district": "노원구",
    "region": "노원구민의전당",
    "address": "서울 노원구"
  }
},
{
  "model": "api.location",
  "pk": 2,
  "fields": {
    "latitude": "37.781800",
    "longitude": "127.608800",
    "city": "강원",
    "district": "춘천시",
    "region": "봉화산",
    "address": "강원 춘천시"
  }
},
{
  "model": "api.location",
  "pk": 3,
  "fields": {
    "latitude": "37.723500",
    "longitude": "127.045100",
    "city": "경기",
    "district": "의정부",
    "region": "수락산",
    "address": "경기 의정부"
  }
},
{
  "model": "api.location",
  "pk": 4,
  "fields": {
    "latitude": "37.470200",
    "longitude": "127.018800",
    "city": "서울",
    "district": "강남구",
    "region": "우면산",
    "address": "서울 강남구"
  }
},
{
  "model": "api.location",
  "pk": 5,
  "fields": {
    "latitude": "37.552000",
    "longitude": "127.211500",
    "city": "경기",
    "district": "하남시",
    "region": "검단산",
    "address": "경기 하남시"
  }
},
{
  "model": "api.location",
  "pk": 6,
  "fields": {
    "latitude": "37.617800",
    "longitude": "126.922700",
    "city": "서울",
    "district": "은평구",
    "region": "불광천",
    "address": "서울 은평구"
  }
},
{
  "model": "api.location",
  "pk": 7,
  "fields": {
    "latitude": "37.600100",
    "longitude": "127.096700",
    "city": "서울",
    "district": "중랑구",
    "region": "중랑천",
    "address": "서울 중랑구"
  }
},
{
  "model": "api.location",
  "pk": 8,
  "fields": {
    "latitude": "37.399100",
    "longitude": "126.734700",
    "city": "인천",
    "district": "남동구",
    "region": "인천대공원",
    "address": "인천 남동구"
  }
},
{
  "model": "api.location",
  "pk": 9,
  "fields": {
    "latitude": "37.514000",
    "longitude": "127.062800",
    "city": "서울",
    "district": "강남구",
    "region": "아파트 단지",
    "address": "서울 강남구"
  }
},
{
  "model": "api.location",
  "pk": 10,
  "fields": {
    "latitude": "37.386200",
    "longitude": "126.643200",
    "city": "인천",
    "district": "연수구",
    "region": "송도국제도시 인근 하천",
    "address": "인천 연수구"
  }
},
{
  "model": "api.location",
  "pk": 11,
  "fields": {
    "latitude": "37.517900",
    "longitude": "126.894300",
    "city": "서울",
    "district": "영등포구",
    "region": "영등포공원",
    "address": "서울 영등포구"
  }
},
{
  "model": "api.location",
  "pk": 12,
  "fields": {
    "latitude": "37.535700",
    "longitude": "127.004900",
    "city": "서울",
    "district": "용산구",
    "region": "한남동 아파트 단지",
    "address": "서울 용산구"
  }
},
{
  "model": "api.location",
  "pk": 13,
  "fields": {
    "latitude": "37.517100",
    "longitude": "126.853300",
    "city": "서울",
    "district": "양천구",
    "region": "양천향교 인근 하천",
    "address": "서울 양천구"
  }
},
{
  "model": "api.location",
  "pk": 14,
  "fields": {
    "latitude": "35.568900",
    "longitude": "129.129000",
    "city": "울산",
    "district": "울주군",
    "region": "태화강",
    "address": "울산 울주군"
  }
},
{
  "model": "api.location",
  "pk": 15,
  "fields": {
    "latitude": "35.853000",
    "longitude": "128.556700",
    "city": "대구",
    "district": "달서구",
    "region": "월관수변공원",
    "address": "대구 달서구"
  }
},
{
  "model": "api.location",
  "pk": 16,
  "fields": {
    "latitude": "37.613400",
    "longitude": "126.837200",
    "city": "경기",
    "district": "고양시",
    "region": "행주산성공원",
    "address": "경기 고양시"
  }
},
{
  "model": "api.location",
  "pk": 17,
  "fields": {
    "latitude": "36.991000",
    "longitude": "127.926700",
    "city": "충북",
    "district": "충주시",
    "region": "생태공원",
    "address": "충북 충주시"
  }
},
{
  "model": "api.location",
  "pk": 18,
  "fields": {
    "latitude": "35.191300",
    "longitude": "128.799100",
    "city": "경남",
    "district": "김해시",
    "region": "계곡",
    "address": "경남 김해시"
  }
},
{
  "model": "api.location",
  "pk": 19,
  "fields": {
    "latitude": "35.230200",
    "longitude": "126.845100",
    "city": "광주",
    "district": "북구",
    "region": "무등산 계곡 하류",
    "address": "광주 북구"
  }
},
{
  "model": "api.location",
  "pk": 20,
  "fields": {
    "latitude": "37.263500",
    "longitude": "126.972500",
    "city": "경기",
    "district": "수원시",
    "region": "광교호수공원",
    "address": "경기 수원시"
  }
},
{
  "model": "api.location",
  "pk": 21,
  "fields": {
    "latitude": "36.629400",
    "longitude": "127.292700",
    "city": "충북",
    "district": "청주시",
    "region": "무심천변공원",
    "address": "충북 청주시"
  }
},
{
  "model": "api.location",
  "pk": 22,
  "fields": {
    "latitude": "34.935300",
    "longitude": "127.487500",
    "city": "전남",
    "district": "순천시",
    "region": "국가정원",
    "address": "전남 순천시"
  }
},
{
  "model": "api.location",
  "pk": 23,
  "fields": {
    "latitude": "37.541500",
    "longitude": "126.896100",
    "city": "서울",
    "district": "영등포구",
    "region": "인근 야산",
    "address": "서울 영등포구"
  }
},
{
  "model": "api.location",
  "pk": 24,
  "fields": {
    "latitude": "35.284100",
    "longitude": "126.517400",
    "city": "전남",
    "district": "영광군",
    "region": "불갑산",
    "address": "전남 영광군"
  }
},
{
  "model": "api.location",
  "pk": 25,
  "fields": {
    "latitude": "37.524600",
    "longitude": "127.596700",
    "city": "경기",
    "district": "양평군",
    "region": "용문산",
    "address": "경기 양평군"
  }
},
{
  "model": "api.location",
  "pk": 26,
  "fields": {
    "latitude": "37.578600",
    "longitude": "126.939600",
    "city": "서울",
    "district": "마포구",
    "region": "홍제천 인근",
    "address": "서울 마포구"
  }
},
{
  "model": "api.location",
  "pk": 27,
  "fields": {
    "latitude": "37.544600",
    "longitude": "127.037200",
    "city": "서울",
    "district": "성동구",
    "region": "서울숲",
    "address": "서울 성동구"
  }
},
{
  "model": "api.location",
  "pk": 28,
  "fields": {
    "latitude": "37.565900",
    "longitude": "126.827400",
    "city": "서울",
    "district": "강서구",
    "region": "한강변",
    "address": "서울 강서구"
  }
},
{
  "model": "api.location",
  "pk": 29,
  "fields": {
    "latitude": "37.558700",
    "longitude": "126.671600",
    "city": "인천",
    "district": "서구",
    "region": "경인아라뱃길",
    "address": "인천 서구"
  }
},
{
  "model": "api.location",
  "pk": 30,
  "fields": {
    "latitude": "35.160300",
    "longitude": "129.163300",
    "city": "부산",
    "district": "해운대구",
    "region": "수변공원",
    "address": "부산 해운대구"
  }
},
{
  "model": "api.location",
  "pk": 31,
  "fields": {
    "latitude": "37.406800",
    "longitude": "127.113800",
    "city": "경기",
    "district": "성남시",
    "region": "탄천 산책로",
    "address": "경기 성남시"
  }
},
{
  "model": "api.location",
  "pk": 32,
  "fields": {
    "latitude": "35.148100",
    "longitude": "126.919600",
    "city": "광주",
    "district": "동구",
    "region": "광주천 인근",
    "address": "광주 동구"
  }
},
{
  "model": "api.location",
  "pk": 33,
  "fields": {
    "latitude": "35.976100",
    "longitude": "126.711300",
    "city": "전북",
    "district": "군산시",
    "region": "도심공원",
    "address": "전북 군산시"
  }
},
{
  "model": "api.location",
  "pk": 34,
  "fields": {
    "latitude": "36.020100",
    "longitude": "129.325200",
    "city": "경북",
    "district": "포항시",
    "region": "형산강변",
    "address": "경북 포항시"
  }
},
{
  "model": "api.location",
  "pk": 35,
  "fields": {
    "latitude": "35.552600",
    "longitude": "129.307300",
    "city": "울산",
    "district": "중구",
    "region": "태화강 국가정원",
    "address": "울산 중구"
  }
},
{
  "model": "api.location",
  "pk": 36,
  "fields": {
    "latitude": "36.504400",
    "longitude": "127.249300",
    "city": "세종",
    "district": "종촌동",
    "region": "도시녹지공원",
    "address": "세종 종촌동"
  }
},
{
  "model": "api.location",
  "pk": 37,
  "fields": {
    "latitude": "36.815400",
    "longitude": "127.161600",
    "city": "충남",
    "district": "천안시",
    "region": "태조산",
    "address": "충남 천안시"
  }
},
{
  "model": "api.location",
  "pk": 38,
  "fields": {
    "latitude": "37.337600",
    "longitude": "127.947400",
    "city": "강원",
    "district": "원주시",
    "region": "학성천 수변공원",
    "address": "강원 원주시"
  }
},
{
  "model": "api.location",
  "pk": 39,
  "fields": {
    "latitude": "35.563600",
    "longitude": "126.853500",
    "city": "전북",
    "district": "정읍시",
    "region": "정읍천변 공원",
    "address": "전북 정읍시"
  }
},
{
  "model": "api.location",
  "pk": 40,
  "fields": {
    "latitude": "37.323900",
    "longitude": "126.821300",
    "city": "경기",
    "district": "안산시",
    "region": "화정천 수변녹지",
    "address": "경기 안산시"
  }
},
{
  "model": "api.location",
  "pk": 41,
  "fields": {
    "latitude": "35.192700",
    "longitude": "128.083300",
    "city": "경남",
    "district": "진주시",
    "region": "남강 둔치공원",
    "address": "경남 진주시"
  }
},
{
  "model": "api.location",
  "pk": 42,
  "fields": {
    "latitude": "36.455300",
    "longitude": "127.122200",
    "city": "충남",
    "district": "공주시",
    "region": "금강공원",
    "address": "충남 공주시"
  }
},
{
  "model": "api.location",
  "pk": 43,
  "fields": {
    "latitude": "34.792500",
    "longitude": "126.376000",
    "city": "전남",
    "district": "목포시",
    "region": "유달산공원",
    "address": "전남 목포시"
  }
},
{
  "model": "api.location",
  "pk": 44,
  "fields": {
    "latitude": "37.617800",
    "longitude": "126.922700",
    "city": "서울",
    "district": "은평구",
    "region": "서울 은평구",
    "address": "불광천"
  }
},
{
  "model": "api.location",
  "pk": 45,
  "fields": {
    "latitude": "34.935300",
    "longitude": "127.487500",
    "city": "전남",
    "district": "순천시",
    "region": "전남 순천시",
    "address": "국가정원"
  }
},
{
  "model": "api.location",
  "pk": 46,
  "fields": {
    "latitude": "35.563600",
    "longitude": "126.853500",
    "city": "전북",
    "district": "정읍시",
    "region": "전북 정읍시",
    "address": "정읍천변 공원"
  }
},
{
  "model": "api.location",
  "pk": 47,
  "fields": {
    "latitude": "37.514000",
    "longitude": "127.062800",
    "city": "서울",
    "district": "강남구",
    "region": "서울 강남구",
    "address": "아파트 단지"
  }
},
{
  "model": "api.location",
  "pk": 48,
  "fields": {
    "latitude": "35.192700",
    "longitude": "128.083300",
    "city": "경남",
    "district": "진주시",
    "region": "경남 진주시",
    "address": "남강 둔치공원"
  }
},
{
  "model": "api.location",
  "pk": 49,
  "fields": {
    "latitude": "37.386200",
    "longitude": "126.643200",
    "city": "인천",
    "district": "연수구",
    "region": "인천 연수구",
    "address": "송도국제도시 인근 하천"
  }
},
{
  "model": "api.location",
  "pk": 50,
  "fields": {
    "latitude": "35.230200",
    "longitude": "126.845100",
    "city": "광주",
    "district": "북구",
    "region": "광주 북구",
    "address": "무등산 계곡 하류"
  }
},
{
  "model": "api.location",
  "pk": 51,
  "fields": {
    "latitude": "35.284100",
    "longitude": "126.517400",
    "city": "전남",
    "district": "영광군",
    "region": "전남 영광군",
    "address": "불갑산"
  }
},
{
  "model": "api.location",
  "pk": 52,
  "fields": {
    "latitude": "37.323900",
    "longitude": "126.821300",
    "city": "경기",
    "district": "안산시",
    "region": "경기 안산시",
    "address": "화정천 수변녹지"
  }
},
{
  "model": "api.location",
  "pk": 53,
  "fields": {
    "latitude": "37.781800",
    "longitude": "127.608800",
    "city": "강원",
    "district": "춘천시",
    "region": "강원 춘천시",
    "address": "봉화산"
  }
},
{
  "model": "api.location",
  "pk": 54,
  "fields": {
    "latitude": "36.455300",
    "longitude": "127.122200",
    "city": "충남",
    "district": "공주시",
    "region": "충남 공주시",
    "address": "금강공원"
  }
},
{
  "model": "api.location",
  "pk": 55,
  "fields": {
    "latitude": "35.191300",
    "longitude": "128.799100",
    "city": "경남",
    "district": "김해",
    "region": "경남 김해",
    "address": "계곡"
  }
},
{
  "model": "api.location",
  "pk": 56,
  "fields": {
    "latitude": "37.544600",
    "longitude": "127.037200",
    "city": "서울",
    "district": "성동구",
    "region": "서울 성동구",
    "address": "서울숲"
  }
},
{
  "model": "api.location",
  "pk": 57,
  "fields": {
    "latitude": "37.406800",
    "longitude": "127.113800",
    "city": "경기",
    "district": "성남시",
    "region": "경기 성남시",
    "address": "탄천 산책로"
  }
},
{
  "model": "api.location",
  "pk": 58,
  "fields": {
    "latitude": "35.160300",
    "longitude": "129.163300",
    "city": "부산",
    "district": "해운대구",
    "region": "부산 해운대구",
    "address": "수변공원"
  }
},
{
  "model": "api.location",
  "pk": 59,
  "fields": {
    "latitude": "35.568900",
    "longitude": "129.129000",
    "city": "울산",
    "district": "울주군",
    "region": "울산 울주군",
    "address": "태화강"
  }
},
{
  "model": "api.location",
  "pk": 60,
  "fields": {
    "latitude": "37.535700",
    "longitude": "127.004900",
    "city": "서울",
    "district": "용산구 한남동",
    "region": "서울 용산구 한남동",
    "address": "아파트 단지"
  }
},
{
  "model": "api.location",
  "pk": 61,
  "fields": {
    "latitude": "37.613400",
    "longitude": "126.837200",
    "city": "경기",
    "district": "고양시",
    "region": "경기 고양시",
    "address": "행주산성 공원"
  }
},
{
  "model": "api.location",
  "pk": 62,
  "fields": {
    "latitude": "37.541500",
    "longitude": "126.896100",
    "city": "서울",
    "district": "영등포구",
    "region": "서울 영등포구",
    "address": "인근 야산"
  }
},
{
  "model": "api.location",
  "pk": 63,
  "fields": {
    "latitude": "37.578600",
    "longitude": "126.939600",
    "city": "서울",
    "district": "마포구",
    "region": "서울 마포구",
    "address": "홍제천 인근"
  }
},
{
  "model": "api.location",
  "pk": 64,
  "fields": {
    "latitude": "37.524600",
    "longitude": "127.596700",
    "city": "경기",
    "district": "양평군",
    "region": "경기 양평군",
    "address": "용문산"
  }
},
{
  "model": "api.location",
  "pk": 65,
  "fields": {
    "latitude": "36.504400",
    "longitude": "127.249300",
    "city": "세종시",
    "district": "종촌동",
    "region": "세종시 종촌동",
    "address": "도시녹지공원"
  }
},
{
  "model": "api.location",
  "pk": 66,
  "fields": {
    "latitude": "37.552000",
    "longitude": "127.211500",
    "city": "경기",
    "district": "하남시",
    "region": "경기 하남시",
    "address": "검단산"
  }
},
{
  "model": "api.location",
  "pk": 67,
  "fields": {
    "latitude": "37.654400",
    "longitude": "127.056800",
    "city": "서울",
    "district": "노원구",
    "region": "서울 노원구",
    "address": "노원구민의전당"
  }
},
{
  "model": "api.location",
  "pk": 68,
  "fields": {
    "latitude": "35.853000",
    "longitude": "128.556700",
    "city": "대구",
    "district": "달서구",
    "region": "대구 달서구",
    "address": "월관수변 공원"
  }
},
{
  "model": "api.location",
  "pk": 69,
  "fields": {
    "latitude": "37.558700",
    "longitude": "126.671600",
    "city": "인천",
    "district": "서구",
    "region": "인천 서구",
    "address": "경인아라뱃길"
  }
},
{
  "model": "api.location",
  "pk": 70,
  "fields": {
    "latitude": "37.399100",
    "longitude": "126.734700",
    "city": "인천",
    "district": "남동구",
    "region": "인천 남동구",
    "address": "인천대공원"
  }
},
{
  "model": "api.location",
  "pk": 71,
  "fields": {
    "latitude": "34.792500",
    "longitude": "126.376000",
    "city": "전남",
    "district": "목포시",
    "region": "전남 목포시",
    "address": "유달산공원"
  }
},
{
  "model": "api.location",
  "pk": 72,
  "fields": {
    "latitude": "35.976100",
    "longitude": "126.711300",
    "city": "전북",
    "district": "군산시",
    "region": "전북 군산시",
    "address": "도심 공원"
  }
},
{
  "model": "api.location",
  "pk": 73,
  "fields": {
    "latitude": "37.600100",
    "longitude": "127.096700",
    "city": "서울",
    "district": "중랑구",
    "region": "서울 중랑구",
    "address": "중랑천"
  }
},
{
  "model": "api.location",
  "pk": 74,
  "fields": {
    "latitude": "37.517100",
    "longitude": "126.853300",
    "city": "서울",
    "district": "양천구",
    "region": "서울 양천구",
    "address": "양천향교 인근 하천"
  }
},
{
  "model": "api.location",
  "pk": 75,
  "fields": {
    "latitude": "37.470200",
    "longitude": "127.018800",
    "city": "서울",
    "district": "강남구",
    "region": "서울 강남구",
    "address": "우면산"
  }
},
{
  "model": "api.location",
  "pk": 76,
  "fields": {
    "latitude": "35.552600",
    "longitude": "129.307300",
    "city": "울산",
    "district": "중구",
    "region": "울산 중구",
    "address": "태화강 국가정원"
  }
},
{
  "model": "api.location",
  "pk": 77,
  "fields": {
    "latitude": "36.020100",
    "longitude": "129.325200",
    "city": "경북",
    "district": "포항시",
    "region": "경북 포항시",
    "address": "형산강변"
  }
},
{
  "model": "api.location",
  "pk": 78,
  "fields": {
    "latitude": "37.565900",
    "longitude": "126.827400",
    "city": "서울",
    "district": "강서구",
    "region": "서울 강서구",
    "address": "한강변"
  }
},
{
  "model": "api.report",
  "pk": 1,
  "fields": {
    "user": 1,
    "animal": 8,
    "location": 44,
    "report_date": "2024-01-01T00:00:00Z",
    "image": "",
    "status": "on_hold"
  }
},
{
  "model": "api.report",
  "pk": 2,
  "fields": {
    "user": 2,
    "animal": 7,
    "location": 45,
    "report_date": "2024-01-28T00:00:00Z",
    "image": "",
    "status": "completed"
  }
},
{
  "model": "api.report",
  "pk": 3,
  "fields": {
    "user": 3,
    "animal": 4,
    "location": 46,
    "report_date": "2024-01-29T00:00:00Z",
    "image": "",
    "status": "completed"
  }
},
{
  "model": "api.report",
  "pk": 4,
  "fields": {
    "user": 4,
    "animal": 1,
    "location": 47,
    "report_date": "2024-01-30T00:00:00Z",
    "image": "",
    "status": "checking"
  }
},
{
  "model": "api.report",
  "pk": 5,
  "fields": {
    "user": 5,
    "animal": 6,
    "location": 48,
    "report_date": "2024-02-01T00:00:00Z",
    "image": "",
    "status": "completed"
  }
},
{
  "model": "api.report",
  "pk": 6,
  "fields": {
    "user": 6,
    "animal": 2,
    "location": 49,
    "report_date": "2024-02-03T00:00:00Z",
    "image": "",
    "status": "completed"
  }
},
{
  "model": "api.report",
  "pk": 7,
  "fields": {
    "user": 7,
    "animal": 8,
    "location": 50,
    "report_date": "2024-02-14T00:00:00Z",
    "image": "",
    "status": "checking"
  }
},
{
  "model": "api.report",
  "pk": 8,
  "fields": {
    "user": 8,
    "animal": 11,
    "location": 51,
    "report_date": "2024-02-20T00:00:00Z",
    "image": "",
    "status": "checking"
  }
},
{
  "model": "api.report",
  "pk": 9,
  "fields": {
    "user": 9,
    "animal": 6,
    "location": 52,
    "report_date": "2024-03-08T00:00:00Z",
    "image": "",
    "status": "completed"
  }
},
{
  "model": "api.report",
  "pk": 10,
  "fields": {
    "user": 10,
    "animal": 1,
    "location": 53,
    "report_date": "2024-03-09T00:00:00Z",
    "image": "",
    "status": "completed"
  }
},
{
  "model": "api.report",
  "pk": 11,
  "fields": {
    "user": 11,
    "animal": 6,
    "location": 54,
    "report_date": "2024-03-15T00:00:00Z",
    "image": "",
    "status": "completed"
  }
},
{
  "model": "api.report",
  "pk": 12,
  "fields": {
    "user": 12,
    "animal": 5,
    "location": 55,
    "report_date": "2024-03-25T00:00:00Z",
    "image": "",
    "status": "completed"
  }
},
{
  "model": "api.report",
  "pk": 13,
  "fields": {
    "user": 13,
    "animal": 1,
    "location": 56,
    "report_date": "2024-03-29T00:00:00Z",
    "image": "",
    "status": "completed"
  }
},
{
  "model": "api.report",
  "pk": 14,
  "fields": {
    "user": 14,
    "animal": 2,
    "location": 47,
    "report_date": "2024-04-10T00:00:00Z",
    "image": "",
    "status": "checking"
  }
},
{
  "model": "api.report",
  "pk": 15,
  "fields": {
    "user": 15,
    "animal": 9,
    "location": 44,
    "report_date": "2024-04-11T00:00:00Z",
    "image": "",
    "status": "checking"
  }
},
{
  "model": "api.report",
  "pk": 16,
  "fields": {
    "user": 16,
    "animal": 5,
    "location": 57,
    "report_date": "2024-04-23T00:00:00Z",
    "image": "",
    "status": "completed"
  }
},
{
  "model": "api.report",
  "pk": 17,
  "fields": {
    "user": 17,
    "animal": 10,
    "location": 58,
    "report_date": "2024-04-28T00:00:00Z",
    "image": "",
    "status": "checking"
  }
},
{
  "model": "api.report",
  "pk": 18,
  "fields": {
    "user": 18,
    "animal": 7,
    "location": 59,
    "report_date": "2024-05-01T00:00:00Z",
    "image": "",
    "status": "completed"
  }
},
{
  "model": "api.report",
  "pk": 19,
  "fields": {
    "user": 19,
    "animal": 3,
    "location": 51,
    "report_date": "2024-05-04T00:00:00Z",
    "image": "",
    "status": "completed"
  }
},
{
  "model": "api.report",
  "pk": 20,
  "fields": {
    "user": 20,
    "animal": 9,
    "location": 58,
    "report_date": "2024-05-19T00:00:00Z",
    "image": "",
    "status": "completed"
  }
},
{
  "model": "api.report",
  "pk": 21,
  "fields": {
    "user": 21,
    "animal": 5,
    "location": 60,
    "report_date": "2024-06-26T00:00:00Z",
    "image": "",
    "status": "checking"
  }
},
{
  "model": "api.report",
  "pk": 22,
  "fields": {
    "user": 22,
    "animal": 9,
    "location": 61,
    "report_date": "2024-06-29T00:00:00Z",
    "image": "",
    "status": "checking"
  }
},
{
  "model": "api.report",
  "pk": 23,
  "fields": {
    "user": 23,
    "animal": 7,
    "location": 62,
    "report_date": "2024-07-12T00:00:00Z",
    "image": "",
    "status": "completed"
  }
},
{
  "model": "api.report",
  "pk": 24,
  "fields": {
    "user": 24,
    "animal": 11,
    "location": 63,
    "report_date": "2024-07-17T00:00:00Z",
    "image": "",
    "status": "checking"
  }
},
{
  "model": "api.report",
  "pk": 25,
  "fields": {
    "user": 25,
    "animal": 1,
    "location": 60,
    "report_date": "2024-07-21T00:00:00Z",
    "image": "",
    "status": "completed"
  }
},
{
  "model": "api.report",
  "pk": 26,
  "fields": {
    "user": 26,
    "animal": 2,
    "location": 64,
    "report_date": "2024-08-01T00:00:00Z",
    "image": "",
    "status": "checking"
  }
},
{
  "model": "api.report",
  "pk": 27,
  "fields": {
    "user": 27,
    "animal": 5,
    "location": 65,
    "report_date": "2024-08-04T00:00:00Z",
    "image": "",
    "status": "checking"
  }
},
{
  "model": "api.report",
  "pk": 28,
  "fields": {
    "user": 28,
    "animal": 10,
    "location": 66,
    "report_date": "2024-08-20T00:00:00Z",
    "image": "",
    "status": "checking"
  }
},
{
  "model": "api.report",
  "pk": 29,
  "fields": {
    "user": 29,
    "animal": 8,
    "location": 60,
    "report_date": "2024-08-21T00:00:00Z",
    "image": "",
    "status": "on_hold"
  }
},
{
  "model": "api.report",
  "pk": 30,
  "fields": {
    "user": 30,
    "animal": 1,
    "location": 44,
    "report_date": "2024-08-25T00:00:00Z",
    "image": "",
    "status": "on_hold"
  }
},
{
  "model": "api.report",
  "pk": 31,
  "fields": {
    "user": 31,
    "animal": 5,
    "location": 64,
    "report_date": "2024-09-06T00:00:00Z",
    "image": "",
    "status": "completed"
  }
},
{
  "model": "api.report",
  "pk": 32,
  "fields": {
    "user": 32,
    "animal": 1,
    "location": 67,
    "report_date": "2024-09-07T00:00:00Z",
    "image": "",
    "status": "completed"
  }
},
{
  "model": "api.report",
  "pk": 33,
  "fields": {
    "user": 33,
    "animal": 5,
    "location": 63,
    "report_date": "2024-10-11T00:00:00Z",
    "image": "",
    "status": "checking"
  }
},
{
  "model": "api.report",
  "pk": 34,
  "fields": {
    "user": 34,
    "animal": 1,
    "location": 68,
    "report_date": "2024-11-27T00:00:00Z",
    "image": "",
    "status": "checking"
  }
},
{
  "model": "api.report",
  "pk": 35,
  "fields": {
    "user": 35,
    "animal": 11,
    "location": 57,
    "report_date": "2024-12-05T00:00:00Z",
    "image": "",
    "status": "completed"
  }
},
{
  "model": "api.report",
  "pk": 36,
  "fields": {
    "user": 36,
    "animal": 8,
    "location": 48,
    "report_date": "2024-12-18T00:00:00Z",
    "image": "",
    "status": "completed"
  }
},
{
  "model": "api.report",
  "pk": 37,
  "fields": {
    "user": 37,
    "animal": 7,
    "location": 69,
    "report_date": "2024-12-28T00:00:00Z",
    "image": "",
    "status": "checking"
  }
},
{
  "model": "api.report",
  "pk": 38,
  "fields": {
    "user": 38,
    "animal": 3,
    "location": 70,
    "report_date": "2025-01-11T00:00:00Z",
    "image": "",
    "status": "checking"
  }
},
{
  "model": "api.report",
  "pk": 39,
  "fields": {
    "user": 39,
    "animal": 5,
    "location": 49,
    "report_date": "2025-01-15T00:00:00Z",
    "image": "",
    "status": "on_hold"
  }
},
{
  "model": "api.report",
  "pk": 40,
  "fields": {
    "user": 40,
    "animal": 1,
    "location": 68,
    "report_date": "2025-01-19T00:00:00Z",
    "image": "",
    "status": "completed"
  }
},
{
  "model": "api.report",
  "pk": 41,
  "fields": {
    "user": 41,
    "animal": 11,
    "location": 65,
    "report_date": "2025-01-19T00:00:00Z",
    "image": "",
    "status": "completed"
  }
},
{
  "model": "api.report",
  "pk": 42,
  "fields": {
    "user": 42,
    "animal": 5,
    "location": 49,
    "report_date": "2025-01-26T00:00:00Z",
    "image": "",
    "status": "checking"
  }
},
{
  "model": "api.report",
  "pk": 43,
  "fields": {
    "user": 43,
    "animal": 6,
    "location": 71,
    "report_date": "2025-02-11T00:00:00Z",
    "image": "",
    "status": "on_hold"
  }
},
{
  "model": "api.report",
  "pk": 44,
  "fields": {
    "user": 44,
    "animal": 1,
    "location": 72,
    "report_date": "2025-02-12T00:00:00Z",
    "image": "",
    "status": "on_hold"
  }
},
{
  "model": "api.report",
  "pk": 45,
  "fields": {
    "user": 45,
    "animal": 6,
    "location": 51,
    "report_date": "2025-02-14T00:00:00Z",
    "image": "",
    "status": "completed"
  }
},
{
  "model": "api.report",
  "pk": 46,
  "fields": {
    "user": 46,
    "animal": 9,
    "location": 49,
    "report_date": "2025-02-25T00:00:00Z",
    "image": "",
    "status": "checking"
  }
},
{
  "model": "api.report",
  "pk": 47,
  "fields": {
    "user": 47,
    "animal": 11,
    "location": 73,
    "report_date": "2025-03-17T00:00:00Z",
    "image": "",
    "status": "on_hold"
  }
},
{
  "model": "api.report",
  "pk": 48,
  "fields": {
    "user": 48,
    "animal": 1,
    "location": 74,
    "report_date": "2025-03-29T00:00:00Z",
    "image": "",
    "status": "completed"
  }
},
{
  "model": "api.report",
  "pk": 49,
  "fields": {
    "user": 49,
    "animal": 6,
    "location": 61,
    "report_date": "2025-04-02T00:00:00Z",
    "image": "",
    "status": "checking"
  }
},
{
  "model": "api.report",
  "pk": 50,
  "fields": {
    "user": 50,
    "animal": 9,
    "location": 58,
    "report_date": "2025-04-12T00:00:00Z",
    "image": "",
    "status": "completed"
  }
},
{
  "model": "api.report",
  "pk": 51,
  "fields": {
    "user": 51,
    "animal": 2,
    "location": 50,
    "report_date": "2025-04-16T00:00:00Z",
    "image": "",
    "status": "completed"
  }
},
{
  "model": "api.report",
  "pk": 52,
  "fields": {
    "user": 52,
    "animal": 1,
    "location": 59,
    "report_date": "2025-04-16T00:00:00Z",
    "image": "",
    "status": "checking"
  }
},
{
  "model": "api.report",
  "pk": 53,
  "fields": {
    "user": 53,
    "animal": 10,
    "location": 60,
    "report_date": "2025-05-04T00:00:00Z",
    "image": "",
    "status": "completed"
  }
},
{
  "model": "api.report",
  "pk": 54,
  "fields": {
    "user": 54,
    "animal": 5,
    "location": 58,
    "report_date": "2025-06-06T00:00:00Z",
    "image": "",
    "status": "on_hold"
  }
},
{
  "model": "api.report",
  "pk": 55,
  "fields": {
    "user": 55,
    "animal": 3,
    "location": 44,
    "report_date": "2025-06-16T00:00:00Z",
    "image": "",
    "status": "checking"
  }
},
{
  "model": "api.report",
  "pk": 56,
  "fields": {
    "user": 1,
    "animal": 1,
    "location": 64,
    "report_date": "2025-06-24T00:00:00Z",
    "image": "",
    "status": "checking"
  }
},
{
  "model": "api.report",
  "pk": 57,
  "fields": {
    "user": 2,
    "animal": 2,
    "location": 72,
    "report_date": "2025-06-25T00:00:00Z",
    "image": "",
    "status": "completed"
  }
},
{
  "model": "api.report",
  "pk": 58,
  "fields": {
    "user": 3,
    "animal": 1,
    "location": 75,
    "report_date": "2025-06-27T00:00:00Z",
    "image": "",
    "status": "on_hold"
  }
},
{
  "model": "api.report",
  "pk": 59,
  "fields": {
    "user": 4,
    "animal": 1,
    "location": 50,
    "report_date": "2025-06-28T00:00:00Z",
    "image": "",
    "status": "completed"
  }
},
{
  "model": "api.report",
  "pk": 60,
  "fields": {
    "user": 5,
    "animal": 5,
    "location": 50,
    "report_date": "2025-07-11T00:00:00Z",
    "image": "",
    "status": "completed"
  }
},
{
  "model": "api.report",
  "pk": 61,
  "fields": {
    "user": 6,
    "animal": 2,
    "location": 56,
    "report_date": "2025-07-13T00:00:00Z",
    "image": "",
    "status": "on_hold"
  }
},
{
  "model": "api.report",
  "pk": 62,
  "fields": {
    "user": 7,
    "animal": 7,
    "location": 76,
    "report_date": "2025-07-19T00:00:00Z",
    "image": "",
    "status": "on_hold"
  }
},
{
  "model": "api.report",
  "pk": 63,
  "fields": {
    "user": 8,
    "animal": 1,
    "location": 53,
    "report_date": "2025-07-21T00:00:00Z",
    "image": "",
    "status": "checking"
  }
},
{
  "model": "api.report",
  "pk": 64,
  "fields": {
    "user": 9,
    "animal": 8,
    "location": 70,
    "report_date": "2025-07-25T00:00:00Z",
    "image": "",
    "status": "on_hold"
  }
},
{
  "model": "api.report",
  "pk": 65,
  "fields": {
    "user": 10,
    "animal": 10,
    "location": 48,
    "report_date": "2025-07-30T00:00:00Z",
    "image": "",
    "status": "checking"
  }
},
{
  "model": "api.report",
  "pk": 66,
  "fields": {
    "user": 11,
    "animal": 9,
    "location": 49,
    "report_date": "2025-08-06T00:00:00Z",
    "image": "",
    "status": "completed"
  }
},
{
  "model": "api.report",
  "pk": 67,
  "fields": {
    "user": 12,
    "animal": 6,
    "location": 77,
    "report_date": "2025-08-14T00:00:00Z",
    "image": "",
    "status": "on_hold"
  }
},
{
  "model": "api.report",
  "pk": 68,
  "fields": {
    "user": 13,
    "animal": 1,
    "location": 48,
    "report_date": "2025-08-23T00:00:00Z",
    "image": "",
    "status": "completed"
  }
},
{
  "model": "api.report",
  "pk": 69,
  "fields": {
    "user": 14,
    "animal": 9,
    "location": 58,
    "report_date": "2025-08-24T00:00:00Z",
    "image": "",
    "status": "completed"
  }
},
{
  "model": "api.report",
  "pk": 70,
  "fields": {
    "user": 15,
    "animal": 1,
    "location": 78,
    "report_date": "2025-09-01T00:00:00Z",
    "image": "",
    "status": "checking"
  }
},
{
  "model": "api.notification",
  "pk": 1,
  "fields": {
    "user": 1,
    "admin": 56,
    "type": "individual",
    "reply": "신고 건이 보류 처리되었습니다. 조치 일정 조율 후 안내드리겠습니다.",
    "status_change": "on_hold",
    "created_at": "2024-01-01T00:00:00Z"
  }
},
{
  "model": "api.notification",
  "pk": 2,
  "fields": {
    "user": 2,
    "admin": 58,
    "type": "individual",
    "reply": "현장 확인 중이던 신고 건 처리가 완료되었습니다.",
    "status_change": "completed",
    "created_at": "2024-01-28T00:00:00Z"
  }
},
{
  "model": "api.notification",
  "pk": 3,
  "fields": {
    "user": 3,
    "admin": 57,
    "type": "individual",
    "reply": "보류 중이던 신고 건 처리가 완료되었습니다.",
    "status_change": "completed",
    "created_at": "2024-01-29T00:00:00Z"
  }
},
{
  "model": "api.notification",
  "pk": 4,
  "fields": {
    "user": 5,
    "admin": 57,
    "type": "individual",
    "reply": "보류 중이던 신고 건 처리가 완료되었습니다.",
    "status_change": "completed",
    "created_at": "2024-02-01T00:00:00Z"
  }
},
{
  "model": "api.notification",
  "pk": 5,
  "fields": {
    "user": 6,
    "admin": 58,
    "type": "individual",
    "reply": "현장 확인 중이던 신고 건 처리가 완료되었습니다.",
    "status_change": "completed",
    "created_at": "2024-02-03T00:00:00Z"
  }
},
{
  "model": "api.notification",
  "pk": 6,
  "fields": {
    "user": 9,
    "admin": 57,
    "type": "individual",
    "reply": "보류 중이던 신고 건 처리가 완료되었습니다.",
    "status_change": "completed",
    "created_at": "2024-03-08T00:00:00Z"
  }
},
{
  "model": "api.notification",
  "pk": 7,
  "fields": {
    "user": 10,
    "admin": 57,
    "type": "individual",
    "reply": "현장 확인 중이던 신고 건 처리가 완료되었습니다.",
    "status_change": "completed",
    "created_at": "2024-03-09T00:00:00Z"
  }
},
{
  "model": "api.notification",
  "pk": 8,
  "fields": {
    "user": 11,
    "admin": 56,
    "type": "individual",
    "reply": "보류 중이던 신고 건 처리가 완료되었습니다.",
    "status_change": "completed",
    "created_at": "2024-03-15T00:00:00Z"
  }
},
{
  "model": "api.notification",
  "pk": 9,
  "fields": {
    "user": 12,
    "admin": 56,
    "type": "individual",
    "reply": "현장 확인 중이던 신고 건 처리가 완료되었습니다.",
    "status_change": "completed",
    "created_at": "2024-03-25T00:00:00Z"
  }
},
{
  "model": "api.notification",
  "pk": 10,
  "fields": {
    "user": 13,
    "admin": 56,
    "type": "individual",
    "reply": "보류 중이던 신고 건 처리가 완료되었습니다.",
    "status_change": "completed",
    "created_at": "2024-03-29T00:00:00Z"
  }
},
{
  "model": "api.notification",
  "pk": 11,
  "fields": {
    "user": 16,
    "admin": 57,
    "type": "individual",
    "reply": "현장 확인 중이던 신고 건 처리가 완료되었습니다.",
    "status_change": "completed",
    "created_at": "2024-04-23T00:00:00Z"
  }
},
{
  "model": "api.notification",
  "pk": 12,
  "fields": {
    "user": 18,
    "admin": 56,
    "type": "individual",
    "reply": "현장 확인 중이던 신고 건 처리가 완료되었습니다.",
    "status_change": "completed",
    "created_at": "2024-05-01T00:00:00Z"
  }
},
{
  "model": "api.notification",
  "pk": 13,
  "fields": {
    "user": 19,
    "admin": 58,
    "type": "individual",
    "reply": "보류 중이던 신고 건 처리가 완료되었습니다.",
    "status_change": "completed",
    "created_at": "2024-05-04T00:00:00Z"
  }
},
{
  "model": "api.notification",
  "pk": 14,
  "fields": {
    "user": 20,
    "admin": 58,
    "type": "individual",
    "reply": "현장 확인 중이던 신고 건 처리가 완료되었습니다.",
    "status_change": "completed",
    "created_at": "2024-05-19T00:00:00Z"
  }
},
{
  "model": "api.notification",
  "pk": 15,
  "fields": {
    "user": 23,
    "admin": 58,
    "type": "individual",
    "reply": "보류 중이던 신고 건 처리가 완료되었습니다.",
    "status_change": "completed",
    "created_at": "2024-07-12T00:00:00Z"
  }
},
{
  "model": "api.notification",
  "pk": 16,
  "fields": {
    "user": 25,
    "admin": 58,
    "type": "individual",
    "reply": "보류 중이던 신고 건 처리가 완료되었습니다.",
    "status_change": "completed",
    "created_at": "2024-07-21T00:00:00Z"
  }
},
{
  "model": "api.notification",
  "pk": 17,
  "fields": {
    "user": 29,
    "admin": 57,
    "type": "individual",
    "reply": "신고 건이 보류 처리되었습니다. 조치 일정 조율 후 안내드리겠습니다.",
    "status_change": "on_hold",
    "created_at": "2024-08-21T00:00:00Z"
  }
},
{
  "model": "api.notification",
  "pk": 18,
  "fields": {
    "user": 30,
    "admin": 57,
    "type": "individual",
    "reply": "신고 건이 보류 처리되었습니다. 조치 일정 조율 후 안내드리겠습니다.",
    "status_change": "on_hold",
    "created_at": "2024-08-25T00:00:00Z"
  }
},
{
  "model": "api.notification",
  "pk": 19,
  "fields": {
    "user": 31,
    "admin": 57,
    "type": "individual",
    "reply": "보류 중이던 신고 건 처리가 완료되었습니다.",
    "status_change": "completed",
    "created_at": "2024-09-06T00:00:00Z"
  }
},
{
  "model": "api.notification",
  "pk": 20,
  "fields": {
    "user": 32,
    "admin": 57,
    "type": "individual",
    "reply": "현장 확인 중이던 신고 건 처리가 완료되었습니다.",
    "status_change": "completed",
    "created_at": "2024-09-07T00:00:00Z"
  }
},
{
  "model": "api.notification",
  "pk": 21,
  "fields": {
    "user": 35,
    "admin": 56,
    "type": "individual",
    "reply": "보류 중이던 신고 건 처리가 완료되었습니다.",
    "status_change": "completed",
    "created_at": "2024-12-05T00:00:00Z"
  }
},
{
  "model": "api.notification",
  "pk": 22,
  "fields": {
    "user": 36,
    "admin": 56,
    "type": "individual",
    "reply": "현장 확인 중이던 신고 건 처리가 완료되었습니다.",
    "status_change": "completed",
    "created_at": "2024-12-18T00:00:00Z"
  }
},
{
  "model": "api.notification",
  "pk": 23,
  "fields": {
    "user": 39,
    "admin": 57,
    "type": "individual",
    "reply": "신고 건이 보류 처리되었습니다. 조치 일정 조율 후 안내드리겠습니다.",
    "status_change": "on_hold",
    "created_at": "2025-01-15T00:00:00Z"
  }
},
{
  "model": "api.notification",
  "pk": 24,
  "fields": {
    "user": 40,
    "admin": 57,
    "type": "individual",
    "reply": "현장 확인 중이던 신고 건 처리가 완료되었습니다.",
    "status_change": "completed",
    "created_at": "2025-01-19T00:00:00Z"
  }
},
{
  "model": "api.notification",
  "pk": 25,
  "fields": {
    "user": 41,
    "admin": 58,
    "type": "individual",
    "reply": "보류 중이던 신고 건 처리가 완료되었습니다.",
    "status_change": "completed",
    "created_at": "2025-01-19T00:00:00Z"
  }
},
{
  "model": "api.notification",
  "pk": 26,
  "fields": {
    "user": 43,
    "admin": 57,
    "type": "individual",
    "reply": "신고 건이 보류 처리되었습니다. 조치 일정 조율 후 안내드리겠습니다.",
    "status_change": "on_hold",
    "created_at": "2025-02-11T00:00:00Z"
  }
},
{
  "model": "api.notification",
  "pk": 27,
  "fields": {
    "user": 44,
    "admin": 57,
    "type": "individual",
    "reply": "신고 건이 보류 처리되었습니다. 조치 일정 조율 후 안내드리겠습니다.",
    "status_change": "on_hold",
    "created_at": "2025-02-12T00:00:00Z"
  }
},
{
  "model": "api.notification",
  "pk": 28,
  "fields": {
    "user": 45,
    "admin": 58,
    "type": "individual",
    "reply": "보류 중이던 신고 건 처리가 완료되었습니다.",
    "status_change": "completed",
    "created_at": "2025-02-14T00:00:00Z"
  }
},
{
  "model": "api.notification",
  "pk": 29,
  "fields": {
    "user": 47,
    "admin": 57,
    "type": "individual",
    "reply": "신고 건이 보류 처리되었습니다. 조치 일정 조율 후 안내드리겠습니다.",
    "status_change": "on_hold",
    "created_at": "2025-03-17T00:00:00Z"
  }
},
{
  "model": "api.notification",
  "pk": 30,
  "fields": {
    "user": 48,
    "admin": 56,
    "type": "individual",
    "reply": "현장 확인 중이던 신고 건 처리가 완료되었습니다.",
    "status_change": "completed",
    "created_at": "2025-03-29T00:00:00Z"
  }
},
{
  "model": "api.notification",
  "pk": 31,
  "fields": {
    "user": 50,
    "admin": 57,
    "type": "individual",
    "reply": "현장 확인 중이던 신고 건 처리가 완료되었습니다.",
    "status_change": "completed",
    "created_at": "2025-04-12T00:00:00Z"
  }
},
{
  "model": "api.notification",
  "pk": 32,
  "fields": {
    "user": 51,
    "admin": 58,
    "type": "individual",
    "reply": "보류 중이던 신고 건 처리가 완료되었습니다.",
    "status_change": "completed",
    "created_at": "2025-04-16T00:00:00Z"
  }
},
{
  "model": "api.notification",
  "pk": 33,
  "fields": {
    "user": 53,
    "admin": 58,
    "type": "individual",
    "reply": "보류 중이던 신고 건 처리가 완료되었습니다.",
    "status_change": "completed",
    "created_at": "2025-05-04T00:00:00Z"
  }
},
{
  "model": "api.notification",
  "pk": 34,
  "fields": {
    "user": 54,
    "admin": 58,
    "type": "individual",
    "reply": "신고 건이 보류 처리되었습니다. 조치 일정 조율 후 안내드리겠습니다.",
    "status_change": "on_hold",
    "created_at": "2025-06-06T00:00:00Z"
  }
},
{
  "model": "api.notification",
  "pk": 35,
  "fields": {
    "user": 2,
    "admin": 57,
    "type": "individual",
    "reply": "보류 중이던 신고 건 처리가 완료되었습니다.",
    "status_change": "completed",
    "created_at": "2025-06-25T00:00:00Z"
  }
},
{
  "model": "api.notification",
  "pk": 36,
  "fields": {
    "user": 3,
    "admin": 58,
    "type": "individual",
    "reply": "신고 건이 보류 처리되었습니다. 조치 일정 조율 후 안내드리겠습니다.",
    "status_change": "on_hold",
    "created_at": "2025-06-27T00:00:00Z"
  }
},
{
  "model": "api.notification",
  "pk": 37,
  "fields": {
    "user": 4,
    "admin": 56,
    "type": "individual",
    "reply": "보류 중이던 신고 건 처리가 완료되었습니다.",
    "status_change": "completed",
    "created_at": "2025-06-28T00:00:00Z"
  }
},
{
  "model": "api.notification",
  "pk": 38,
  "fields": {
    "user": 5,
    "admin": 57,
    "type": "individual",
    "reply": "현장 확인 중이던 신고 건 처리가 완료되었습니다.",
    "status_change": "completed",
    "created_at": "2025-07-11T00:00:00Z"
  }
},
{
  "model": "api.notification",
  "pk": 39,
  "fields": {
    "user": 6,
    "admin": 57,
    "type": "individual",
    "reply": "신고 건이 보류 처리되었습니다. 조치 일정 조율 후 안내드리겠습니다.",
    "status_change": "on_hold",
    "created_at": "2025-07-13T00:00:00Z"
  }
},
{
  "model": "api.notification",
  "pk": 40,
  "fields": {
    "user": 7,
    "admin": 56,
    "type": "individual",
    "reply": "신고 건이 보류 처리되었습니다. 조치 일정 조율 후 안내드리겠습니다.",
    "status_change": "on_hold",
    "created_at": "2025-07-19T00:00:00Z"
  }
},
{
  "model": "api.notification",
  "pk": 41,
  "fields": {
    "user": 9,
    "admin": 58,
    "type": "individual",
    "reply": "신고 건이 보류 처리되었습니다. 조치 일정 조율 후 안내드리겠습니다.",
    "status_change": "on_hold",
    "created_at": "2025-07-25T00:00:00Z"
  }
},
{
  "model": "api.notification",
  "pk": 42,
  "fields": {
    "user": 11,
    "admin": 57,
    "type": "individual",
    "reply": "현장 확인 중이던 신고 건 처리가 완료되었습니다.",
    "status_change": "completed",
    "created_at": "2025-08-06T00:00:00Z"
  }
},
{
  "model": "api.notification",
  "pk": 43,
  "fields": {
    "user": 12,
    "admin": 57,
    "type": "individual",
    "reply": "신고 건이 보류 처리되었습니다. 조치 일정 조율 후 안내드리겠습니다.",
    "status_change": "on_hold",
    "created_at": "2025-08-14T00:00:00Z"
  }
},
{
  "model": "api.notification",
  "pk": 44,
  "fields": {
    "user": 13,
    "admin": 58,
    "type": "individual",
    "reply": "현장 확인 중이던 신고 건 처리가 완료되었습니다.",
    "status_change": "completed",
    "created_at": "2025-08-23T00:00:00Z"
  }
},
{
  "model": "api.notification",
  "pk": 45,
  "fields": {
    "user": 14,
    "admin": 56,
    "type": "individual",
    "reply": "보류 중이던 신고 건 처리가 완료되었습니다.",
    "status_change": "completed",
    "created_at": "2025-08-24T00:00:00Z"
  }
},
{
  "model": "api.notification",
  "pk": 46,
  "fields": {
    "user": null,
    "admin": null,
    "type": "group",
    "reply": "SENCITY 앱이 업데이트되었어요!",
    "status_change": null,
    "created_at": "2025-08-28T05:52:45.116Z"
  }
},
{
  "model": "api.notification",
  "pk": 47,
  "fields": {
    "user": null,
    "admin": null,
    "type": "group",
    "reply": "우천 시 로드킬 발생 주의 안내 감속 운전으로 함께 생명을 지켜주세요.",
    "status_change": null,
    "created_at": "2025-08-28T05:52:45.116Z"
  }
},
{
  "model": "api.notification",
  "pk": 48,
  "fields": {
    "user": null,
    "admin": null,
    "type": "group",
    "reply": "적설 시 로드킬 사고 급증 야간이나 새벽 운행 시 저속 운전 부탁드립니다.",
    "status_change": null,
    "created_at": "2025-08-28T05:52:45.117Z"
  }
},
{
  "model": "api.notification",
  "pk": 49,
  "fields": {
    "user": null,
    "admin": null,
    "type": "group",
    "reply": "안개로 시야 확보 어려움 주변 도로에 야생동물 주의 바랍니다.",
    "status_change": null,
    "created_at": "2025-08-28T05:52:45.117Z"
  }
},
{
  "model": "api.notification",
  "pk": 50,
  "fields": {
    "user": null,
    "admin": null,
    "type": "group",
    "reply": "태풍 후 야생동물 이동 증가 도로 위 돌발 상황에 주의하세요.",
    "status_change": null,
    "created_at": "2025-08-28T05:52:45.117Z"
  }
},
{
  "model": "api.notification",
  "pk": 51,
  "fields": {
    "user": null,
    "admin": null,
    "type": "group",
    "reply": "건조한 날씨로 산불 위험 증가 야생동물의 이동이 잦아질 수 있습니다.",
    "status_change": null,
    "created_at": "2025-08-28T05:52:45.117Z"
  }
},
{
  "model": "api.notification",
  "pk": 52,
  "fields": {
    "user": null,
    "admin": null,
    "type": "group",
    "reply": "우박으로 인한 야생동물 이동 증가 야생동물의 이동이 잦아질 수 있습니다.",
    "status_change": null,
    "created_at": "2025-08-28T05:52:45.117Z"
  }
},
{
  "model": "api.notification",
  "pk": 53,
  "fields": {
    "user": null,
    "admin": null,
    "type": "group",
    "reply": "SENCITY 서비스 점검 안내 보다 나은 서비스 제공을 위해 점검 시간에는 일부 기능 이용이 제한될 수 있으니 양해 부탁드립니다.",
    "status_change": null,
    "created_at": "2025-08-28T05:52:45.117Z"
  }
},
{
  "model": "api.notification",
  "pk": 54,
  "fields": {
    "user": null,
    "admin": null,
    "type": "group",
    "reply": "새로운 기능이 추가되었어요! 지금 앱을 열고 새로운 기능을 확인해보세요",
    "status_change": null,
    "created_at": "2025-08-28T05:52:45.117Z"
  }
},
{
  "model": "api.notification",
  "pk": 55,
  "fields": {
    "user": null,
    "admin": null,
    "type": "group",
    "reply": "SENCITY 캠페인 참여 안내 작은 관심이 생명을 살립니다지금 SENCITY와 함께 로드킬 줄이기 캠페인에 참여해 보세요!",
    "status_change": null,
    "created_at": "2025-08-28T05:52:45.117Z"
  }
},
{
  "model": "api.notification",
  "pk": 56,
  "fields": {
    "user": null,
    "admin": null,
    "type": "group",
    "reply": "위치정보 오류 수정 안내 불편을 드려 죄송합니다. 앞으로 더 안정적인 서비스를 제공하겠습니다.",
    "status_change": null,
    "created_at": "2025-08-28T05:52:45.117Z"
  }
},
{
  "model": "api.notification",
  "pk": 57,
  "fields": {
    "user": null,
    "admin": null,
    "type": "group",
    "reply": "보안 강화/정책 변경 안내 비밀번호는 주기적으로 변경해 주세요.",
    "status_change": null,
    "created_at": "2025-08-28T05:52:45.117Z"
  }
},
{
  "model": "api.notification",
  "pk": 58,
  "fields": {
    "user": null,
    "admin": null,
    "type": "group",
    "reply": "앱 버전 지원 중단 안내 원활한 이용을 위해 최신 버전으로 업데이트해 주세요.",
    "status_change": null,
    "created_at": "2025-08-28T05:52:45.117Z"
  }
},
{
  "model": "api.notification",
  "pk": 59,
  "fields": {
    "user": null,
    "admin": null,
    "type": "group",
    "reply": "일시적 장애/복구 안내 불편을 드려 죄송합니다. 더 안정적인 서비스를 위해 노력하겠습니다.",
    "status_change": null,
    "created_at": "2025-08-28T05:52:45.117Z"
  }
},
{
  "model": "api.notification",
  "pk": 60,
  "fields": {
    "user": null,
    "admin": null,
    "type": "group",
    "reply": "최근 산책로 인근 야생동물 출현 주변 야생동물 주의 바랍니다.",
    "status_change": null,
    "created_at": "2025-08-28T05:52:45.117Z"
  }
},
{
  "model": "api.notification",
  "pk": 61,
  "fields": {
    "user": null,
    "admin": null,
    "type": "group",
    "reply": "야생동물 번식기에는 공격성이 증가합니다 새끼를 발견해도 가까이 다가가지 마세요.",
    "status_change": null,
    "created_at": "2025-08-28T05:52:45.117Z"
  }
},
{
  "model": "api.notification",
  "pk": 62,
  "fields": {
    "user": null,
    "admin": null,
    "type": "group",
    "reply": "최근 산불 영향으로 야생동물 이동이 증가 중입니다 산행 중 마주칠 경우 천천히 거리 유지하세요.",
    "status_change": null,
    "created_at": "2025-08-28T05:52:45.117Z"
  }
},
{
  "model": "api.notification",
  "pk": 63,
  "fields": {
    "user": null,
    "admin": null,
    "type": "group",
    "reply": "최근 멧돼지 출몰 신고 다수 발생 산행 시 마주칠 경우 등을 보이지 말고 천천히 이동하세요.",
    "status_change": null,
    "created_at": "2025-08-28T05:52:45.117Z"
  }
},
{
  "model": "api.notification",
  "pk": 64,
  "fields": {
    "user": null,
    "admin": null,
    "type": "group",
    "reply": "산길 인근 먹이 활동 활발 음식물 쓰레기 방치 금지 및 주변 환경 보호에 협조 바랍니다.",
    "status_change": null,
    "created_at": "2025-08-28T05:52:45.117Z"
  }
},
{
  "model": "api.notification",
  "pk": 65,
  "fields": {
    "user": null,
    "admin": null,
    "type": "group",
    "reply": "산길 낙석 및 미끄럼 주의 위험 구간에서는 주변을 잘 살피고 조심하세요.",
    "status_change": null,
    "created_at": "2025-08-28T05:52:45.117Z"
  }
},
{
  "model": "api.feedback",
  "pk": 1,
  "fields": {
    "report": 1,
    "user": 1,
    "admin": 58,
    "content": "보류 중입니다. 추가 확인 후 안내드리겠습니다.",
    "feedback_datetime": "2024-01-01T00:00:00Z"
  }
},
{
  "model": "api.feedback",
  "pk": 2,
  "fields": {
    "report": 2,
    "user": 2,
    "admin": 57,
    "content": "처리 완료되었습니다.",
    "feedback_datetime": "2024-01-28T00:00:00Z"
  }
},
{
  "model": "api.feedback",
  "pk": 3,
  "fields": {
    "report": 3,
    "user": 3,
    "admin": 57,
    "content": "처리 완료되었습니다.",
    "feedback_datetime": "2024-01-29T00:00:00Z"
  }
},
{
  "model": "api.feedback",
  "pk": 4,
  "fields": {
    "report": 4,
    "user": 4,
    "admin": 58,
    "content": "담당자 확인 중입니다.",
    "feedback_datetime": "2024-01-30T00:00:00Z"
  }
},
{
  "model": "api.feedback",
  "pk": 5,
  "fields": {
    "report": 5,
    "user": 5,
    "admin": 56,
    "content": "처리 완료되었습니다.",
    "feedback_datetime": "2024-02-01T00:00:00Z"
  }
},
{
  "model": "api.feedback",
  "pk": 6,
  "fields": {
    "report": 6,
    "user": 6,
    "admin": 58,
    "content": "처리 완료되었습니다.",
    "feedback_datetime": "2024-02-03T00:00:00Z"
  }
},
{
  "model": "api.feedback",
  "pk": 7,
  "fields": {
    "report": 7,
    "user": 7,
    "admin": 57,
    "content": "담당자 확인 중입니다.",
    "feedback_datetime": "2024-02-14T00:00:00Z"
  }
},
{
  "model": "api.feedback",
  "pk": 8,
  "fields": {
    "report": 8,
    "user": 8,
    "admin": 57,
    "content": "담당자 확인 중입니다.",
    "feedback_datetime": "2024-02-20T00:00:00Z"
  }
},
{
  "model": "api.feedback",
  "pk": 9,
  "fields": {
    "report": 9,
    "user": 9,
    "admin": 58,
    "content": "처리 완료되었습니다.",
    "feedback_datetime": "2024-03-08T00:00:00Z"
  }
},
{
  "model": "api.feedback",
  "pk": 10,
  "fields": {
    "report": 10,
    "user": 10,
    "admin": 57,
    "content": "처리 완료되었습니다.",
    "feedback_datetime": "2024-03-09T00:00:00Z"
  }
},
{
  "model": "api.feedback",
  "pk": 11,
  "fields": {
    "report": 11,
    "user": 11,
    "admin": 56,
    "content": "처리 완료되었습니다.",
    "feedback_datetime": "2024-03-15T00:00:00Z"
  }
},
{
  "model": "api.feedback",
  "pk": 12,
  "fields": {
    "report": 12,
    "user": 12,
    "admin": 57,
    "content": "처리 완료되었습니다.",
    "feedback_datetime": "2024-03-25T00:00:00Z"
  }
},
{
  "model": "api.feedback",
  "pk": 13,
  "fields": {
    "report": 13,
    "user": 13,
    "admin": 58,
    "content": "처리 완료되었습니다.",
    "feedback_datetime": "2024-03-29T00:00:00Z"
  }
},
{
  "model": "api.feedback",
  "pk": 14,
  "fields": {
    "report": 14,
    "user": 14,
    "admin": 56,
    "content": "담당자 확인 중입니다.",
    "feedback_datetime": "2024-04-10T00:00:00Z"
  }
},
{
  "model": "api.feedback",
  "pk": 15,
  "fields": {
    "report": 15,
    "user": 15,
    "admin": 57,
    "content": "담당자 확인 중입니다.",
    "feedback_datetime": "2024-04-11T00:00:00Z"
  }
},
{
  "model": "api.feedback",
  "pk": 16,
  "fields": {
    "report": 16,
    "user": 16,
    "admin": 57,
    "content": "처리 완료되었습니다.",
    "feedback_datetime": "2024-04-23T00:00:00Z"
  }
},
{
  "model": "api.feedback",
  "pk": 17,
  "fields": {
    "report": 17,
    "user": 17,
    "admin": 56,
    "content": "담당자 확인 중입니다.",
    "feedback_datetime": "2024-04-28T00:00:00Z"
  }
},
{
  "model": "api.feedback",
  "pk": 18,
  "fields": {
    "report": 18,
    "user": 18,
    "admin": 57,
    "content": "처리 완료되었습니다.",
    "feedback_datetime": "2024-05-01T00:00:00Z"
  }
},
{
  "model": "api.feedback",
  "pk": 19,
  "fields": {
    "report": 19,
    "user": 19,
    "admin": 56,
    "content": "처리 완료되었습니다.",
    "feedback_datetime": "2024-05-04T00:00:00Z"
  }
},
{
  "model": "api.feedback",
  "pk": 20,
  "fields": {
    "report": 20,
    "user": 20,
    "admin": 58,
    "content": "처리 완료되었습니다.",
    "feedback_datetime": "2024-05-19T00:00:00Z"
  }
},
{
  "model": "api.feedback",
  "pk": 21,
  "fields": {
    "report": 21,
    "user": 21,
    "admin": 56,
    "content": "담당자 확인 중입니다.",
    "feedback_datetime": "2024-06-26T00:00:00Z"
  }
},
{
  "model": "api.feedback",
  "pk": 22,
  "fields": {
    "report": 22,
    "user": 22,
    "admin": 58,
    "content": "담당자 확인 중입니다.",
    "feedback_datetime": "2024-06-29T00:00:00Z"
  }
},
{
  "model": "api.feedback",
  "pk": 23,
  "fields": {
    "report": 23,
    "user": 23,
    "admin": 58,
    "content": "처리 완료되었습니다.",
    "feedback_datetime": "2024-07-12T00:00:00Z"
  }
},
{
  "model": "api.feedback",
  "pk": 24,
  "fields": {
    "report": 24,
    "user": 24,
    "admin": 58,
    "content": "담당자 확인 중입니다.",
    "feedback_datetime": "2024-07-17T00:00:00Z"
  }
},
{
  "model": "api.feedback",
  "pk": 25,
  "fields": {
    "report": 25,
    "user": 25,
    "admin": 56,
    "content": "처리 완료되었습니다.",
    "feedback_datetime": "2024-07-21T00:00:00Z"
  }
},
{
  "model": "api.feedback",
  "pk": 26,
  "fields": {
    "report": 26,
    "user": 26,
    "admin": 57,
    "content": "담당자 확인 중입니다.",
    "feedback_datetime": "2024-08-01T00:00:00Z"
  }
},
{
  "model": "api.feedback",
  "pk": 27,
  "fields": {
    "report": 27,
    "user": 27,
    "admin": 57,
    "content": "담당자 확인 중입니다.",
    "feedback_datetime": "2024-08-04T00:00:00Z"
  }
},
{
  "model": "api.feedback",
  "pk": 28,
  "fields": {
    "report": 28,
    "user": 28,
    "admin": 57,
    "content": "담당자 확인 중입니다.",
    "feedback_datetime": "2024-08-20T00:00:00Z"
  }
},
{
  "model": "api.feedback",
  "pk": 29,
  "fields": {
    "report": 29,
    "user": 29,
    "admin": 58,
    "content": "보류 중입니다. 추가 확인 후 안내드리겠습니다.",
    "feedback_datetime": "2024-08-21T00:00:00Z"
  }
},
{
  "model": "api.feedback",
  "pk": 30,
  "fields": {
    "report": 30,
    "user": 30,
    "admin": 58,
    "content": "보류 중입니다. 추가 확인 후 안내드리겠습니다.",
    "feedback_datetime": "2024-08-25T00:00:00Z"
  }
},
{
  "model": "api.feedback",
  "pk": 31,
  "fields": {
    "report": 31,
    "user": 31,
    "admin": 56,
    "content": "처리 완료되었습니다.",
    "feedback_datetime": "2024-09-06T00:00:00Z"
  }
},
{
  "model": "api.feedback",
  "pk": 32,
  "fields": {
    "report": 32,
    "user": 32,
    "admin": 58,
    "content": "처리 완료되었습니다.",
    "feedback_datetime": "2024-09-07T00:00:00Z"
  }
},
{
  "model": "api.feedback",
  "pk": 33,
  "fields": {
    "report": 33,
    "user": 33,
    "admin": 57,
    "content": "담당자 확인 중입니다.",
    "feedback_datetime": "2024-10-11T00:00:00Z"
  }
},
{
  "model": "api.feedback",
  "pk": 34,
  "fields": {
    "report": 34,
    "user": 34,
    "admin": 56,
    "content": "담당자 확인 중입니다.",
    "feedback_datetime": "2024-11-27T00:00:00Z"
  }
},
{
  "model": "api.feedback",
  "pk": 35,
  "fields": {
    "report": 35,
    "user": 35,
    "admin": 58,
    "content": "처리 완료되었습니다.",
    "feedback_datetime": "2024-12-05T00:00:00Z"
  }
},
{
  "model": "api.feedback",
  "pk": 36,
  "fields": {
    "report": 36,
    "user": 36,
    "admin": 56,
    "content": "처리 완료되었습니다.",
    "feedback_datetime": "2024-12-18T00:00:00Z"
  }
},
{
  "model": "api.feedback",
  "pk": 37,
  "fields": {
    "report": 37,
    "user": 37,
    "admin": 56,
    "content": "담당자 확인 중입니다.",
    "feedback_datetime": "2024-12-28T00:00:00Z"
  }
},
{
  "model": "api.feedback",
  "pk": 38,
  "fields": {
    "report": 38,
    "user": 38,
    "admin": 58,
    "content": "담당자 확인 중입니다.",
    "feedback_datetime": "2025-01-11T00:00:00Z"
  }
},
{
  "model": "api.feedback",
  "pk": 39,
  "fields": {
    "report": 39,
    "user": 39,
    "admin": 58,
    "content": "보류 중입니다. 추가 확인 후 안내드리겠습니다.",
    "feedback_datetime": "2025-01-15T00:00:00Z"
  }
},
{
  "model": "api.feedback",
  "pk": 40,
  "fields": {
    "report": 40,
    "user": 40,
    "admin": 57,
    "content": "처리 완료되었습니다.",
    "feedback_datetime": "2025-01-19T00:00:00Z"
  }
},
{
  "model": "api.feedback",
  "pk": 41,
  "fields": {
    "report": 41,
    "user": 41,
    "admin": 56,
    "content": "처리 완료되었습니다.",
    "feedback_datetime": "2025-01-19T00:00:00Z"
  }
},
{
  "model": "api.feedback",
  "pk": 42,
  "fields": {
    "report": 42,
    "user": 42,
    "admin": 57,
    "content": "담당자 확인 중입니다.",
    "feedback_datetime": "2025-01-26T00:00:00Z"
  }
},
{
  "model": "api.feedback",
  "pk": 43,
  "fields": {
    "report": 43,
    "user": 43,
    "admin": 58,
    "content": "보류 중입니다. 추가 확인 후 안내드리겠습니다.",
    "feedback_datetime": "2025-02-11T00:00:00Z"
  }
},
{
  "model": "api.feedback",
  "pk": 44,
  "fields": {
    "report": 44,
    "user": 44,
    "admin": 57,
    "content": "보류 중입니다. 추가 확인 후 안내드리겠습니다.",
    "feedback_datetime": "2025-02-12T00:00:00Z"
  }
},
{
  "model": "api.feedback",
  "pk": 45,
  "fields": {
    "report": 45,
    "user": 45,
    "admin": 57,
    "content": "처리 완료되었습니다.",
    "feedback_datetime": "2025-02-14T00:00:00Z"
  }
},
{
  "model": "api.feedback",
  "pk": 46,
  "fields": {
    "report": 46,
    "user": 46,
    "admin": 57,
    "content": "담당자 확인 중입니다.",
    "feedback_datetime": "2025-02-25T00:00:00Z"
  }
},
{
  "model": "api.feedback",
  "pk": 47,
  "fields": {
    "report": 47,
    "user": 47,
    "admin": 57,
    "content": "보류 중입니다. 추가 확인 후 안내드리겠습니다.",
    "feedback_datetime": "2025-03-17T00:00:00Z"
  }
},
{
  "model": "api.feedback",
  "pk": 48,
  "fields": {
    "report": 48,
    "user": 48,
    "admin": 56,
    "content": "처리 완료되었습니다.",
    "feedback_datetime": "2025-03-29T00:00:00Z"
  }
},
{
  "model": "api.feedback",
  "pk": 49,
  "fields": {
    "report": 49,
    "user": 49,
    "admin": 58,
    "content": "담당자 확인 중입니다.",
    "feedback_datetime": "2025-04-02T00:00:00Z"
  }
},
{
  "model": "api.feedback",
  "pk": 50,
  "fields": {
    "report": 50,
    "user": 50,
    "admin": 57,
    "content": "처리 완료되었습니다.",
    "feedback_datetime": "2025-04-12T00:00:00Z"
  }
},
{
  "model": "api.feedback",
  "pk": 51,
  "fields": {
    "report": 51,
    "user": 51,
    "admin": 58,
    "content": "처리 완료되었습니다.",
    "feedback_datetime": "2025-04-16T00:00:00Z"
  }
},
{
  "model": "api.feedback",
  "pk": 52,
  "fields": {
    "report": 52,
    "user": 52,
    "admin": 56,
    "content": "담당자 확인 중입니다.",
    "feedback_datetime": "2025-04-16T00:00:00Z"
  }
},
{
  "model": "api.feedback",
  "pk": 53,
  "fields": {
    "report": 53,
    "user": 53,
    "admin": 58,
    "content": "처리 완료되었습니다.",
    "feedback_datetime": "2025-05-04T00:00:00Z"
  }
},
{
  "model": "api.feedback",
  "pk": 54,
  "fields": {
    "report": 54,
    "user": 54,
    "admin": 56,
    "content": "보류 중입니다. 추가 확인 후 안내드리겠습니다.",
    "feedback_datetime": "2025-06-06T00:00:00Z"
  }
},
{
  "model": "api.feedback",
  "pk": 55,
  "fields": {
    "report": 55,
    "user": 55,
    "admin": 56,
    "content": "담당자 확인 중입니다.",
    "feedback_datetime": "2025-06-16T00:00:00Z"
  }
},
{
  "model": "api.feedback",
  "pk": 56,
  "fields": {
    "report": 56,
    "user": 1,
    "admin": 57,
    "content": "담당자 확인 중입니다.",
    "feedback_datetime": "2025-06-24T00:00:00Z"
  }
},
{
  "model": "api.feedback",
  "pk": 57,
  "fields": {
    "report": 57,
    "user": 2,
    "admin": 57,
    "content": "처리 완료되었습니다.",
    "feedback_datetime": "2025-06-25T00:00:00Z"
  }
},
{
  "model": "api.feedback",
  "pk": 58,
  "fields": {
    "report": 58,
    "user": 3,
    "admin": 58,
    "content": "보류 중입니다. 추가 확인 후 안내드리겠습니다.",
    "feedback_datetime": "2025-06-27T00:00:00Z"
  }
},
{
  "model": "api.feedback",
  "pk": 59,
  "fields": {
    "report": 59,
    "user": 4,
    "admin": 56,
    "content": "처리 완료되었습니다.",
    "feedback_datetime": "2025-06-28T00:00:00Z"
  }
},
{
  "model": "api.feedback",
  "pk": 60,
  "fields": {
    "report": 60,
    "user": 5,
    "admin": 56,
    "content": "처리 완료되었습니다.",
    "feedback_datetime": "2025-07-11T00:00:00Z"
  }
},
{
  "model": "api.feedback",
  "pk": 61,
  "fields": {
    "report": 61,
    "user": 6,
    "admin": 58,
    "content": "보류 중입니다. 추가 확인 후 안내드리겠습니다.",
    "feedback_datetime": "2025-07-13T00:00:00Z"
  }
},
{
  "model": "api.feedback",
  "pk": 62,
  "fields": {
    "report": 62,
    "user": 7,
    "admin": 57,
    "content": "보류 중입니다. 추가 확인 후 안내드리겠습니다.",
    "feedback_datetime": "2025-07-19T00:00:00Z"
  }
},
{
  "model": "api.feedback",
  "pk": 63,
  "fields": {
    "report": 63,
    "user": 8,
    "admin": 58,
    "content": "담당자 확인 중입니다.",
    "feedback_datetime": "2025-07-21T00:00:00Z"
  }
},
{
  "model": "api.feedback",
  "pk": 64,
  "fields": {
    "report": 64,
    "user": 9,
    "admin": 58,
    "content": "보류 중입니다. 추가 확인 후 안내드리겠습니다.",
    "feedback_datetime": "2025-07-25T00:00:00Z"
  }
},
{
  "model": "api.feedback",
  "pk": 65,
  "fields": {
    "report": 65,
    "user": 10,
    "admin": 58,
    "content": "담당자 확인 중입니다.",
    "feedback_datetime": "2025-07-30T00:00:00Z"
  }
},
{
  "model": "api.feedback",
  "pk": 66,
  "fields": {
    "report": 66,
    "user": 11,
    "admin": 56,
    "content": "처리 완료되었습니다.",
    "feedback_datetime": "2025-08-06T00:00:00Z"
  }
},
{
  "model": "api.feedback",
  "pk": 67,
  "fields": {
    "report": 67,
    "user": 12,
    "admin": 58,
    "content": "보류 중입니다. 추가 확인 후 안내드리겠습니다.",
    "feedback_datetime": "2025-08-14T00:00:00Z"
  }
},
{
  "model": "api.feedback",
  "pk": 68,
  "fields": {
    "report": 68,
    "user": 13,
    "admin": 56,
    "content": "처리 완료되었습니다.",
    "feedback_datetime": "2025-08-23T00:00:00Z"
  }
},
{
  "model": "api.feedback",
  "pk": 69,
  "fields": {
    "report": 69,
    "user": 14,
    "admin": 56,
    "content": "처리 완료되었습니다.",
    "feedback_datetime": "2025-08-24T00:00:00Z"
  }
},
{
  "model": "api.feedback",
  "pk": 70,
  "fields": {
    "report": 70,
    "user": 15,
    "admin": 56,
    "content": "담당자 확인 중입니다.",
    "feedback_datetime": "2025-09-01T00:00:00Z"
  }
}
]
