[
{
  "model": "api.user",
  "pk": 1,
  "fields": {
    "password": "pbkdf2_sha256$1000000$JDKzTCbOPUDvsWz4BuAi0j$GFHiTZOlxhB/vySg6JbPpNfVJ/BX7TcpSe5o/KkEaSM=",
    "last_login": null,
    "is_superuser": false,
    "username": "황윤아",
    "first_name": "",
    "last_name": "",
    "is_staff": false,
    "is_active": true,
    "date_joined": "2025-08-06T04:41:33Z",
    "email": "a600@naver.com",
    "telphone": "01064542225",
    "user_address": "서울특별시 광진구",
    "agree": true,
    "groups": [],
    "user_permissions": []
  }
},
{
  "model": "api.user",
  "pk": 2,
  "fields": {
    "password": "pbkdf2_sha256$1000000$cTq4S2c1V9eugUrjgP0GNQ$5FF5Vo1KyZ2TWSwN7Uyja5O4s9b9Wz8CnpgtU23yrFE=",
    "last_login": null,
    "is_superuser": false,
    "username": "신미소",
    "first_name": "",
    "last_name": "",
    "is_staff": false,
    "is_active": true,
    "date_joined": "2025-08-06T04:41:33Z",
    "email": "sin@naver.com",
    "telphone": "01033315130",
    "user_address": "경기도 수원시",
    "agree": true,
    "groups": [],
    "user_permissions": []
  }
},
{
  "model": "api.user",
  "pk": 3,
  "fields": {
    "password": "pbkdf2_sha256$1000000$h1N9T4rcLyJAJkIknjcjx5$FUsaxeWC5s9nwszFBYWNy19r8Iuze9EUtgQyJRKVrcE=",
    "last_login": null,
    "is_superuser": false,
    "username": "윤아람",
    "first_name": "",
    "last_name": "",
    "is_staff": false,
    "is_active": true,
    "date_joined": "2025-08-06T04:41:33Z",
    "email": "yun@gmail.com",
    "telphone": "01045086177",
    "user_address": "경기도 파주시",
    "agree": true,
    "groups": [],
    "user_permissions": []
  }
},
{
  "model": "api.user",
  "pk": 4,
  "fields": {
    "password": "pbkdf2_sha256$1000000$nfKoQGHMMQnPoNCJG30mKs$mjGwOsrNyvy7ZJHiKg6d24Md/PUGCbNHHVqVXsHUw0w=",
    "last_login": null,
    "is_superuser": false,
    "username": "김하은",
    "first_name": "",
    "last_name": "",
    "is_staff": false,
    "is_active": true,
    "date_joined": "2025-08-06T04:41:34Z",
    "email": "kim@daum.net",
    "telphone": "01011453319",
    "user_address": "충청북도 청주시",
    "agree": true,
    "groups": [],
    "user_permissions": []
  }
},
{
  "model": "api.user",
  "pk": 5,
  "fields": {
    "password": "pbkdf2_sha256$1000000$ptpaZkJtWDYRvIrFUur1xr$KEUzLw6d7qaKb/0ujcTw7BsgwT+qguXvN8yYwWJC4FI=",
    "last_login": null,
    "is_superuser": false,
    "username": "이준서",
    "first_name": "",
    "last_name": "",
    "is_staff": false,
    "is_active": true,
    "date_joined": "2025-08-06T04:41:34Z",
    "email": "juns@hanmail.net",
    "telphone": "01052108404",
    "user_address": "대전광역시 서구",
    "agree": true,
    "groups": [],
    "user_permissions": []
  }
},
{
  "model": "api.user",
  "pk": 6,
  "fields": {
    "password": "pbkdf2_sha256$1000000$yeLP16KKZnq6xQyuYjKs3D$vCalStvGA51q316z0XqBBF6+tykGr3cCLtM5GXzop9I=",
    "last_login": null,
    "is_superuser": false,
    "username": "정예린",
    "first_name": "",
    "last_name": "",
    "is_staff": false,
    "is_active": true,
    "date_joined": "2025-08-06T04:41:34Z",
    "email": "ye23@kmail.com",
    "telphone": "01058291752",
    "user_address": "인천광역시 연수구",
    "agree": true,
    "groups": [],
    "user_permissions": []
  }
},
{
  "model": "api.user",
  "pk": 7,
  "fields": {
    "password": "pbkdf2_sha256$1000000$9uoU7w5vfNGBSnvQOZ5akB$2I28FhlsZeDGdDxAid2iH53eSGuE4+dwWJ5b4FjoMNQ=",
    "last_login": null,
    "is_superuser": false,
    "username": "최민재",
    "first_name": "",
    "last_name": "",
    "is_staff": false,
    "is_active": true,
    "date_joined": "2025-08-06T04:41:35Z",
    "email": "min97@naver.com",
    "telphone": "01088139897",
    "user_address": "울산광역시 중구",
    "agree": true,
    "groups": [],
    "user_permissions": []
  }
},
{
  "model": "api.user",
  "pk": 8,
  "fields": {
    "password": "pbkdf2_sha256$1000000$gnAiTmZeno9pCeYEvGRhF3$6CVCD6C7F3XD7XpEmWzw+LREi5JzjxzaLqmhbEggA8I=",
    "last_login": null,
    "is_superuser": false,
    "username": "이서진",
    "first_name": "",
    "last_name": "",
    "is_staff": false,
    "is_active": true,
    "date_joined": "2025-08-06T04:41:35Z",
    "email": "seo9@gmail.com",
    "telphone": "01081093110",
    "user_address": "서울특별시 강남구",
    "agree": true,
    "groups": [],
    "user_permissions": []
  }
},
{
  "model": "api.user",
  "pk": 9,
  "fields": {
    "password": "pbkdf2_sha256$1000000$Kk7tri8VHIVYRe2wODysIr$PzbnrUSDvT02/YfQqsZVZEo4RSF671C1OxVonUFBs58=",
    "last_login": null,
    "is_superuser": false,
    "username": "이도현",
    "first_name": "",
    "last_name": "",
    "is_staff": false,
    "is_active": true,
    "date_joined": "2025-08-06T04:41:35Z",
    "email": "ddo@hanmail.net",
    "telphone": "01098579434",
    "user_address": "서울특별시 마포구",
    "agree": true,
    "groups": [],
    "user_permissions": []
  }
},
{
  "model": "api.user",
  "pk": 10,
  "fields": {
    "password": "pbkdf2_sha256$1000000$ysEIvEZUm3uhihkCmBpER2$V2R4nuRXkRu3AK0cUWvkTpWYvrzGL81pJMuj7MbaGJE=",
    "last_login": null,
    "is_superuser": false,
    "username": "박건우",
    "first_name": "",
    "last_name": "",
    "is_staff": false,
    "is_active": true,
    "date_joined": "2025-08-06T04:41:36Z",
    "email": "gun1@daum.net",
    "telphone": "01084752769",
    "user_address": "대구광역시 수성구",
    "agree": true,
    "groups": [],
    "user_permissions": []
  }
},
{
  "model": "api.user",
  "pk": 11,
  "fields": {
    "password": "pbkdf2_sha256$1000000$7buIRr15ZjwygB8WendzeL$93RfvERZ272pKCNZHDNA1L2MEC7IJmKN9/dSWUXPUaY=",
    "last_login": null,
    "is_superuser": false,
    "username": "정다은",
    "first_name": "",
    "last_name": "",
    "is_staff": false,
    "is_active": true,
    "date_joined": "2025-08-06T04:41:36Z",
    "email": "eun@gmail.com",
    "telphone": "01041413137",
    "user_address": "부산광역시 남구",
    "agree": true,
    "groups": [],
    "user_permissions": []
  }
},
{
  "model": "api.user",
  "pk": 12,
  "fields": {
    "password": "pbkdf2_sha256$1000000$5xqaZPLBuad1T8ZBrWvplO$MLnXZph8dam6uejWkU0Xp7HpYlYSbkFxVNtJj5MXE7g=",
    "last_login": null,
    "is_superuser": false,
    "username": "박상훈",
    "first_name": "",
    "last_name": "",
    "is_staff": false,
    "is_active": true,
    "date_joined": "2025-08-06T04:41:36Z",
    "email": "hun@naver.com",
    "telphone": "01090641794",
    "user_address": "충청남도 천안시",
    "agree": true,
    "groups": [],
    "user_permissions": []
  }
},
{
  "model": "api.user",
  "pk": 13,
  "fields": {
    "password": "pbkdf2_sha256$1000000$79KFLnDqNKnOc7yyQPgzXs$Hijwv6EkjG6pDUh6dlhtWcZHG3Om5iie1PMiHTUZ5xQ=",
    "last_login": null,
    "is_superuser": false,
    "username": "조민석",
    "first_name": "",
    "last_name": "",
    "is_staff": false,
    "is_active": true,
    "date_joined": "2025-08-06T04:41:37Z",
    "email": "suk@kmail.com",
    "telphone": "01042897077",
    "user_address": "전라북도 전주시",
    "agree": true,
    "groups": [],
    "user_permissions": []
  }
},
{
  "model": "api.user",
  "pk": 14,
  "fields": {
    "password": "pbkdf2_sha256$1000000$4WxojmeYA1ebUtmp5luJWr$lq+4009Ues78Gb69MulKft1RKijdXV79zQYnGURvIO0=",
    "last_login": null,
    "is_superuser": false,
    "username": "황선희",
    "first_name": "",
    "last_name": "",
    "is_staff": false,
    "is_active": true,
    "date_joined": "2025-08-06T04:41:37Z",
    "email": "hee@hanmail.net",
    "telphone": "01030137486",
    "user_address": "전라남도 여수시",
    "agree": true,
    "groups": [],
    "user_permissions": []
  }
},
{
  "model": "api.user",
  "pk": 15,
  "fields": {
    "password": "pbkdf2_sha256$1000000$dAtTvktLgakWRwTx3ShpZ5$6Si0sKe/SgmOHEgMz6r9U9UiEk2j9PPt7cLIGrsmdgo=",
    "last_login": null,
    "is_superuser": false,
    "username": "박정수",
    "first_name": "",
    "last_name": "",
    "is_staff": false,
    "is_active": true,
    "date_joined": "2025-08-06T04:41:37Z",
    "email": "soo2@daum.net",
    "telphone": "01030137486",
    "user_address": "경상북도 포항시",
    "agree": true,
    "groups": [],
    "user_permissions": []
  }
},
{
  "model": "api.user",
  "pk": 16,
  "fields": {
    "password": "pbkdf2_sha256$1000000$d9uNT7yx4BwbdjBBbUNRMm$4z0cz5jH900woTxlmFBrY1ud+ByWr/x1LNTEdQwqt+o=",
    "last_login": null,
    "is_superuser": false,
    "username": "최영자",
    "first_name": "",
    "last_name": "",
    "is_staff": false,
    "is_active": true,
    "date_joined": "2025-08-06T04:41:38Z",
    "email": "0ja@hanmail.net",
    "telphone": "01012873367",
    "user_address": "경기도 성남시",
    "agree": true,
    "groups": [],
    "user_permissions": []
  }
},
{
  "model": "api.user",
  "pk": 17,
  "fields": {
    "password": "pbkdf2_sha256$1000000$3NoOVV9OF0RA0SA3QbZUYi$oqxYP1j+rADm5GIprrbt0HBgMANlZ2GtinfQQsvLt0E=",
    "last_login": null,
    "is_superuser": false,
    "username": "한성우",
    "first_name": "",
    "last_name": "",
    "is_staff": false,
    "is_active": true,
    "date_joined": "2025-08-06T04:41:38Z",
    "email": "uoo2@naver.com",
    "telphone": "01092056877",
    "user_address": "서울특별시 강남구",
    "agree": true,
    "groups": [],
    "user_permissions": []
  }
},
{
  "model": "api.user",
  "pk": 18,
  "fields": {
    "password": "pbkdf2_sha256$1000000$Ygg0RmsYKjY4MQRfydsJGt$7VHTUeo+hbB2hSRJDeJTiCH7ev3KEyvVKT7s+/5Hgm8=",
    "last_login": null,
    "is_superuser": false,
    "username": "이순희",
    "first_name": "",
    "last_name": "",
    "is_staff": false,
    "is_active": true,
    "date_joined": "2025-08-06T04:41:38Z",
    "email": "souu@kmail.com",
    "telphone": "01077304163",
    "user_address": "충청남도 천안시",
    "agree": true,
    "groups": [],
    "user_permissions": []
  }
},
{
  "model": "api.user",
  "pk": 19,
  "fields": {
    "password": "pbkdf2_sha256$1000000$ymObiEYN5y760RDJYvSHBg$4ywM3LtnRVhOS4WEtIJ+FZF1tXmS3lgcUwILVgNQZOA=",
    "last_login": null,
    "is_superuser": false,
    "username": "오명숙",
    "first_name": "",
    "last_name": "",
    "is_staff": false,
    "is_active": true,
    "date_joined": "2025-08-06T04:41:39Z",
    "email": "suk35@naver.com",
    "telphone": "01043175855",
    "user_address": "전라북도 전주시",
    "agree": true,
    "groups": [],
    "user_permissions": []
  }
},
{
  "model": "api.user",
  "pk": 20,
  "fields": {
    "password": "pbkdf2_sha256$1000000$dRrXck9k7pRXuoCoX0Hn5h$PYlBzY1SLLnSoaS0Nbs+D0NZnU+Thu5GuCJ2VWF84Co=",
    "last_login": null,
    "is_superuser": false,
    "username": "김병찬",
    "first_name": "",
    "last_name": "",
    "is_staff": false,
    "is_active": true,
    "date_joined": "2025-08-06T04:41:39Z",
    "email": "chan57@naver.com",
    "telphone": "01018372684",
    "user_address": "서울특별시 마포구",
    "agree": true,
    "groups": [],
    "user_permissions": []
  }
},
{
  "model": "api.user",
  "pk": 21,
  "fields": {
    "password": "pbkdf2_sha256$1000000$tTn3P09eFgptMrQCMNOFRi$h6kCUmljoIFyJmvesAD0Z8a9D8DCtb1on5isscxbjXI=",
    "last_login": null,
    "is_superuser": false,
    "username": "장은경",
    "first_name": "",
    "last_name": "",
    "is_staff": false,
    "is_active": true,
    "date_joined": "2025-08-06T04:41:40Z",
    "email": "gung88@gmail.com",
    "telphone": "01040867976",
    "user_address": "서울특별시 성동구",
    "agree": true,
    "groups": [],
    "user_permissions": []
  }
},
{
  "model": "api.user",
  "pk": 22,
  "fields": {
    "password": "pbkdf2_sha256$1000000$EO4N0UsAFhtRp8OQiHmBYP$/vQkVe/lbjoFkAIUS+blAqZOP6Vf4tm20zc1vj7iZxA=",
    "last_login": null,
    "is_superuser": false,
    "username": "신태호",
    "first_name": "",
    "last_name": "",
    "is_staff": false,
    "is_active": true,
    "date_joined": "2025-08-06T04:41:40Z",
    "email": "ho23@hanmail.net",
    "telphone": "01042092017",
    "user_address": "서울특별시 광진구",
    "agree": true,
    "groups": [],
    "user_permissions": []
  }
},
{
  "model": "api.user",
  "pk": 23,
  "fields": {
    "password": "pbkdf2_sha256$1000000$kCaYFIuA1xJy0QiAE2qQbY$66ev1/4FXRm3Sq/V8RqLCMWOGeJeGhOixi4ZvG3EEk8=",
    "last_login": null,
    "is_superuser": false,
    "username": "임수현",
    "first_name": "",
    "last_name": "",
    "is_staff": false,
    "is_active": true,
    "date_joined": "2025-08-06T04:41:40Z",
    "email": "ims@daum.net",
    "telphone": "01092248872",
    "user_address": "서울특별시 강북구",
    "agree": true,
    "groups": [],
    "user_permissions": []
  }
},
{
  "model": "api.user",
  "pk": 24,
  "fields": {
    "password": "pbkdf2_sha256$1000000$o6Wqefw1brjgSZMooFvgP2$ctn5y1hK58LOdvKSYpPYJE88RzptUSAHrWumlEFMGe8=",
    "last_login": null,
    "is_superuser": false,
    "username": "류지훈",
    "first_name": "",
    "last_name": "",
    "is_staff": false,
    "is_active": true,
    "date_joined": "2025-08-06T04:41:41Z",
    "email": "hun2@kmail.com",
    "telphone": "01035312627",
    "user_address": "충청북도 청주시",
    "agree": true,
    "groups": [],
    "user_permissions": []
  }
},
{
  "model": "api.user",
  "pk": 25,
  "fields": {
    "password": "pbkdf2_sha256$1000000$08XIcfRr0qEXIfAZYObNdp$mDOs5JCpqT/9Y4ytqq8ac//AmW7Y+TuAayTudXCa/jQ=",
    "last_login": null,
    "is_superuser": false,
    "username": "나현우",
    "first_name": "",
    "last_name": "",
    "is_staff": false,
    "is_active": true,
    "date_joined": "2025-08-06T04:41:41Z",
    "email": "aoejv23@naver.com",
    "telphone": "01028767410",
    "user_address": "광주광역시 북구",
    "agree": true,
    "groups": [],
    "user_permissions": []
  }
},
{
  "model": "api.user",
  "pk": 26,
  "fields": {
    "password": "pbkdf2_sha256$1000000$I70QxhX7iTDVxMOx8MN3Fp$dqu9tEn+OKwBN7CUOk/fzpjt6vTT0aIWNusECtJTFms=",
    "last_login": null,
    "is_superuser": false,
    "username": "문지민",
    "first_name": "",
    "last_name": "",
    "is_staff": false,
    "is_active": true,
    "date_joined": "2025-08-06T04:41:41Z",
    "email": "jimin68@daum.net",
    "telphone": "01050223523",
    "user_address": "부산광역시 해운대구",
    "agree": true,
    "groups": [],
    "user_permissions": []
  }
},
{
  "model": "api.user",
  "pk": 27,
  "fields": {
    "password": "pbkdf2_sha256$1000000$xx8QxDdIHgFwNdDaBkhESU$40hG6eiDHxah4+jkhWFPUf2Jzw4Jp+X9Tvwk7EiNwpg=",
    "last_login": null,
    "is_superuser": false,
    "username": "김강철",
    "first_name": "",
    "last_name": "",
    "is_staff": false,
    "is_active": true,
    "date_joined": "2025-08-06T04:41:42Z",
    "email": "kkang3@gmail.com",
    "telphone": "01010308030",
    "user_address": "경상남도 창원시",
    "agree": true,
    "groups": [],
    "user_permissions": []
  }
},
{
  "model": "api.user",
  "pk": 28,
  "fields": {
    "password": "pbkdf2_sha256$1000000$A8MAnlAqSCNjJdtTkqD09m$ymvImUD9KoZa3yqwDryLCwJ9DyWW6WbP/llvV59wyA8=",
    "last_login": null,
    "is_superuser": false,
    "username": "홍석희",
    "first_name": "",
    "last_name": "",
    "is_staff": false,
    "is_active": true,
    "date_joined": "2025-08-06T04:41:42Z",
    "email": "hee88@kmail.com",
    "telphone": "01079851038",
    "user_address": "서울특별시 송파구",
    "agree": true,
    "groups": [],
    "user_permissions": []
  }
},
{
  "model": "api.user",
  "pk": 29,
  "fields": {
    "password": "pbkdf2_sha256$1000000$2eyixurP2aY1jZkdV4g8V0$MliHL8kaSbdPw+kzZkOLl5gXlgJ1ZxjG8P6SrquXa7Y=",
    "last_login": null,
    "is_superuser": false,
    "username": "김미란",
    "first_name": "",
    "last_name": "",
    "is_staff": false,
    "is_active": true,
    "date_joined": "2025-08-06T04:41:42Z",
    "email": "mel@naver.com",
    "telphone": "01091115476",
    "user_address": "경기도 고양시",
    "agree": true,
    "groups": [],
    "user_permissions": []
  }
},
{
  "model": "api.user",
  "pk": 30,
  "fields": {
    "password": "pbkdf2_sha256$1000000$MFgZSHZMuhts6FMrjz6eO7$j4iUTATLAEoJ2txKFQy/9sO3EwAIYLMy8VIilzHp9Hk=",
    "last_login": null,
    "is_superuser": false,
    "username": "황민철",
    "first_name": "",
    "last_name": "",
    "is_staff": false,
    "is_active": true,
    "date_joined": "2025-08-06T04:41:43Z",
    "email": "minc@naver.com",
    "telphone": "01039861705",
    "user_address": "전라남도 나주시",
    "agree": true,
    "groups": [],
    "user_permissions": []
  }
},
{
  "model": "api.user",
  "pk": 31,
  "fields": {
    "password": "pbkdf2_sha256$1000000$8NIiH9bVQH5W1clVc84G0o$yflOy5d9FSOCuqFBKoI8Rarp+1d5clvFfy4gVIhuqec=",
    "last_login": null,
    "is_superuser": false,
    "username": "장준수",
    "first_name": "",
    "last_name": "",
    "is_staff": false,
    "is_active": true,
    "date_joined": "2025-08-06T04:41:43Z",
    "email": "junsu@naver.com",
    "telphone": "01088874985",
    "user_address": "서울특별시 동작구",
    "agree": true,
    "groups": [],
    "user_permissions": []
  }
},
{
  "model": "api.user",
  "pk": 32,
  "fields": {
    "password": "pbkdf2_sha256$1000000$3bpZHm3TI42BmyWjvgAnZs$Eh2XhmCzF5R4pzp8Q4xrhg4JWWunQAe/SlUea9mMcFI=",
    "last_login": null,
    "is_superuser": false,
    "username": "김지민",
    "first_name": "",
    "last_name": "",
    "is_staff": false,
    "is_active": true,
    "date_joined": "2025-08-06T04:41:44Z",
    "email": "jimi@gmail.com",
    "telphone": "01031628072",
    "user_address": "광주광역시 북구",
    "agree": true,
    "groups": [],
    "user_permissions": []
  }
},
{
  "model": "api.user",
  "pk": 33,
  "fields": {
    "password": "pbkdf2_sha256$1000000$20w19K9cFkrlXXJiBoolQd$npvfjInWpscA/j2lI7zyWJ6mJZEAeYPZdTHG3B2eJx4=",
    "last_login": null,
    "is_superuser": false,
    "username": "편애란",
    "first_name": "",
    "last_name": "",
    "is_staff": false,
    "is_active": true,
    "date_joined": "2025-08-06T04:41:44Z",
    "email": "aa234@gmail.com",
    "telphone": "01065721010",
    "user_address": "경기도 용인시",
    "agree": true,
    "groups": [],
    "user_permissions": []
  }
},
{
  "model": "api.user",
  "pk": 34,
  "fields": {
    "password": "pbkdf2_sha256$1000000$K7QYSR7w9MMuCqxM7yrCXy$sXJvEzp0U9tmvojc1WPJP4dxWMaM21pc2hz8I5gLykY=",
    "last_login": null,
    "is_superuser": false,
    "username": "신순후",
    "first_name": "",
    "last_name": "",
    "is_staff": false,
    "is_active": true,
    "date_joined": "2025-08-06T04:41:44Z",
    "email": "sunhu@daum.net",
    "telphone": "01087321472",
    "user_address": "서울특별시 은평구",
    "agree": true,
    "groups": [],
    "user_permissions": []
  }
},
{
  "model": "api.user",
  "pk": 35,
  "fields": {
    "password": "pbkdf2_sha256$1000000$qql2VTMIR9k3ojXy5Uspvj$AWbiU1xHdmXq4+hI3ged1BaQHtqWSr0RFCZNHn6mKR8=",
    "last_login": null,
    "is_superuser": false,
    "username": "윤방철",
    "first_name": "",
    "last_name": "",
    "is_staff": false,
    "is_active": true,
    "date_joined": "2025-08-06T04:41:45Z",
    "email": "bang@hanmail.net",
    "telphone": "01032476244",
    "user_address": "경기도 수원시",
    "agree": true,
    "groups": [],
    "user_permissions": []
  }
},
{
  "model": "api.user",
  "pk": 36,
  "fields": {
    "password": "pbkdf2_sha256$1000000$7BvxSw8kfyLzWLSDjMpIDr$bc4PQsxzFdCPObkkuujIzDIMMavvuIAGTSY3miLEIlw=",
    "last_login": null,
    "is_superuser": false,
    "username": "윤다슬",
    "first_name": "",
    "last_name": "",
    "is_staff": false,
    "is_active": true,
    "date_joined": "2025-08-06T04:41:45Z",
    "email": "yun@naver.com",
    "telphone": "01024568765",
    "user_address": "경기도 파주시",
    "agree": true,
    "groups": [],
    "user_permissions": []
  }
},
{
  "model": "api.user",
  "pk": 37,
  "fields": {
    "password": "pbkdf2_sha256$1000000$5qKUyvQHENpGRnRl5PbOzV$HEVixxtKAp04skfD1e0dv+BmaRhClPoBZS1Hhu6I/z8=",
    "last_login": null,
    "is_superuser": false,
    "username": "박미현",
    "first_name": "",
    "last_name": "",
    "is_staff": false,
    "is_active": true,
    "date_joined": "2025-08-06T04:41:45Z",
    "email": "pmh@gmail.com",
    "telphone": "01098246938",
    "user_address": "서울특별시 강남구",
    "agree": true,
    "groups": [],
    "user_permissions": []
  }
},
{
  "model": "api.user",
  "pk": 38,
  "fields": {
    "password": "pbkdf2_sha256$1000000$nRhcIXDbr2Y8pLrtSsCXGK$CiBX/OQoIVDRy/BV+lrnkrkI39kPkC60dVgRvOSIwAc=",
    "last_login": null,
    "is_superuser": false,
    "username": "김은주",
    "first_name": "",
    "last_name": "",
    "is_staff": false,
    "is_active": true,
    "date_joined": "2025-08-06T04:41:46Z",
    "email": "kimeun7@naver.com",
    "telphone": "01022993864",
    "user_address": "전라남도 나주시",
    "agree": true,
    "groups": [],
    "user_permissions": []
  }
},
{
  "model": "api.user",
  "pk": 39,
  "fields": {
    "password": "pbkdf2_sha256$1000000$CAcsI7L6Wpds2pQmdgP7Dh$SE0onPgWQkMtfnfMcdI9cPw0Xu+kTlk3Qg6ACyKDfmg=",
    "last_login": null,
    "is_superuser": false,
    "username": "이혜정",
    "first_name": "",
    "last_name": "",
    "is_staff": false,
    "is_active": true,
    "date_joined": "2025-08-06T04:41:46Z",
    "email": "hejung@kmail.com",
    "telphone": "01028748084",
    "user_address": "울산광역시 중구",
    "agree": true,
    "groups": [],
    "user_permissions": []
  }
},
{
  "model": "api.user",
  "pk": 40,
  "fields": {
    "password": "pbkdf2_sha256$1000000$zdHjENoWtVjrD17IWx5m59$2Dd0m+v4QSvIJ+mwEr/i8Bvctm9R2Tyt/70tMbqZ5Yc=",
    "last_login": null,
    "is_superuser": false,
    "username": "강인우",
    "first_name": "",
    "last_name": "",
    "is_staff": false,
    "is_active": true,
    "date_joined": "2025-08-06T04:41:46Z",
    "email": "inner@gmail.com",
    "telphone": "01029385902",
    "user_address": "서울특별시 성동구",
    "agree": true,
    "groups": [],
    "user_permissions": []
  }
},
{
  "model": "api.user",
  "pk": 41,
  "fields": {
    "password": "pbkdf2_sha256$1000000$XJWwqmhtE5p4ZM1NpScBJu$bxN1y6OAreMM5tNo/+SqGUbf/Gq9rb92Ia7bNdZLTYM=",
    "last_login": null,
    "is_superuser": false,
    "username": "김현아",
    "first_name": "",
    "last_name": "",
    "is_staff": false,
    "is_active": true,
    "date_joined": "2025-08-06T04:41:47Z",
    "email": "hyaaaa@daum.net",
    "telphone": "01032924983",
    "user_address": "세종특별자치시",
    "agree": true,
    "groups": [],
    "user_permissions": []
  }
},
{
  "model": "api.user",
  "pk": 42,
  "fields": {
    "password": "pbkdf2_sha256$1000000$BWMjQS3uC4kMOlOuFAHxQh$8vdeJ/cxZ3NbQt9k8AkbpYyzseYc8UOBeosMCB/m+RQ=",
    "last_login": null,
    "is_superuser": false,
    "username": "최병락",
    "first_name": "",
    "last_name": "",
    "is_staff": false,
    "is_active": true,
    "date_joined": "2025-08-06T04:41:47Z",
    "email": "bayng@hanmail.net",
    "telphone": "01012345678",
    "user_address": "부산광역시 해운대구",
    "agree": true,
    "groups": [],
    "user_permissions": []
  }
},
{
  "model": "api.user",
  "pk": 43,
  "fields": {
    "password": "pbkdf2_sha256$1000000$WDUAa9IliPndfrAkLwZCwI$cS+U9A+T1ng7PHAldttrgUtifEq9fW2L5kHRerCuGiA=",
    "last_login": null,
    "is_superuser": false,
    "username": "이준",
    "first_name": "",
    "last_name": "",
    "is_staff": false,
    "is_active": true,
    "date_joined": "2025-08-06T04:41:48Z",
    "email": "junlee@naver.com",
    "telphone": "01023847536",
    "user_address": "광주광역시 동구",
    "agree": true,
    "groups": [],
    "user_permissions": []
  }
},
{
  "model": "api.user",
  "pk": 44,
  "fields": {
    "password": "pbkdf2_sha256$1000000$WuYCHKH9juw2m8Wk1ETzQ5$iiMDAZzqFMybXK+5I9qIMbCI9czC/TNmWaAb4xSaZP4=",
    "last_login": null,
    "is_superuser": false,
    "username": "강해인",
    "first_name": "",
    "last_name": "",
    "is_staff": false,
    "is_active": true,
    "date_joined": "2025-08-06T04:41:48Z",
    "email": "haein@daum.net",
    "telphone": "01036749212",
    "user_address": "인천광역시 서구",
    "agree": true,
    "groups": [],
    "user_permissions": []
  }
},
{
  "model": "api.user",
  "pk": 45,
  "fields": {
    "password": "pbkdf2_sha256$1000000$fuRSVmne0ygSSid2YRZIhY$i8SWYjX0xnJfyT7afjbdaOlqFRolrnwe/hpLKpaw90s=",
    "last_login": null,
    "is_superuser": false,
    "username": "유지웅",
    "first_name": "",
    "last_name": "",
    "is_staff": false,
    "is_active": true,
    "date_joined": "2025-08-06T04:41:48Z",
    "email": "owng@kmail.com",
    "telphone": "01088271836",
    "user_address": "전라남도 영광군",
    "agree": true,
    "groups": [],
    "user_permissions": []
  }
},
{
  "model": "api.user",
  "pk": 46,
  "fields": {
    "password": "pbkdf2_sha256$1000000$HC9X9vwuxtfm58xW3jzjoJ$cRtvGkBurmNd57llHPAGcUjK+T2mo1Z8utptPgI4QIg=",
    "last_login": null,
    "is_superuser": false,
    "username": "이시현",
    "first_name": "",
    "last_name": "",
    "is_staff": false,
    "is_active": true,
    "date_joined": "2025-08-06T04:41:49Z",
    "email": "hyeon@gmail.com",
    "telphone": "01087358080",
    "user_address": "서울특별시 영등포구",
    "agree": true,
    "groups": [],
    "user_permissions": []
  }
},
{
  "model": "api.user",
  "pk": 47,
  "fields": {
    "password": "pbkdf2_sha256$1000000$H6bDn5fmGYwmWuNRLDmeAs$amJar8AsFPaeNTvpcO4BAZtx/L9edS/k6KbH9464Sdw=",
    "last_login": null,
    "is_superuser": false,
    "username": "정한영",
    "first_name": "",
    "last_name": "",
    "is_staff": false,
    "is_active": true,
    "date_joined": "2025-08-06T04:41:49Z",
    "email": "hanyong@kmail.com",
    "telphone": "01023971202",
    "user_address": "서울특별시 마포구",
    "agree": true,
    "groups": [],
    "user_permissions": []
  }
},
{
  "model": "api.user",
  "pk": 48,
  "fields": {
    "password": "pbkdf2_sha256$1000000$iiDdARFAdoyQzAfDrJvay0$yYPSdY9mO01K/UeU8qDecmAZfuR5WGPhZdgbivfcl4k=",
    "last_login": null,
    "is_superuser": false,
    "username": "곽준우",
    "first_name": "",
    "last_name": "",
    "is_staff": false,
    "is_active": true,
    "date_joined": "2025-08-06T04:41:49Z",
    "email": "gkack@naver.com",
    "telphone": "01092835781",
    "user_address": "충청북도 청주시",
    "agree": true,
    "groups": [],
    "user_permissions": []
  }
},
{
  "model": "api.user",
  "pk": 49,
  "fields": {
    "password": "pbkdf2_sha256$1000000$mArvdSOWfJ90gMJbdojzCC$ejFzlPcDm9urvCxU7tQfdRUPXZ3CyBuIZpwycyqSDVw=",
    "last_login": null,
    "is_superuser": false,
    "username": "이성민",
    "first_name": "",
    "last_name": "",
    "is_staff": false,
    "is_active": true,
    "date_joined": "2025-08-06T04:41:50Z",
    "email": "sung@hanmail.net",
    "telphone": "01065799215",
    "user_address": "경상남도 김해시",
    "agree": true,
    "groups": [],
    "user_permissions": []
  }
},
{
  "model": "api.user",
  "pk": 50,
  "fields": {
    "password": "pbkdf2_sha256$1000000$HAwzICSdntT2oy8TBG9KB1$8/yaPjHveFLzQ0OVkSIBJL7DbCc2VMm83EwxG9Hk2Jk=",
    "last_login": null,
    "is_superuser": false,
    "username": "봉욱",
    "first_name": "",
    "last_name": "",
    "is_staff": false,
    "is_active": true,
    "date_joined": "2025-08-06T04:41:50Z",
    "email": "wukk@naver.com",
    "telphone": "01053819487",
    "user_address": "전라남도 나주시",
    "agree": true,
    "groups": [],
    "user_permissions": []
  }
},
{
  "model": "api.user",
  "pk": 51,
  "fields": {
    "password": "pbkdf2_sha256$1000000$IzL74uZMRYeDEj9PSQMuwc$tOHdNgszOeLorVIEvcvCm05gmZPkPIZVwb93ezssb2E=",
    "last_login": null,
    "is_superuser": false,
    "username": "신윤철",
    "first_name": "",
    "last_name": "",
    "is_staff": false,
    "is_active": true,
    "date_joined": "2025-08-06T04:41:51Z",
    "email": "siver@gmail.com",
    "telphone": "01029472948",
    "user_address": "서울특별시 광진구",
    "agree": true,
    "groups": [],
    "user_permissions": []
  }
},
{
  "model": "api.user",
  "pk": 52,
  "fields": {
    "password": "pbkdf2_sha256$1000000$uOTWRmI8o1iq8X1DWhVwxq$SZ8PxvEOKBQ6Dym5Xnho104GS2OUAVxYfOuiMAZm6As=",
    "last_login": null,
    "is_superuser": false,
    "username": "이대훈",
    "first_name": "",
    "last_name": "",
    "is_staff": false,
    "is_active": true,
    "date_joined": "2025-08-06T04:41:51Z",
    "email": "daeeab@naver.com",
    "telphone": "01087437901",
    "user_address": "경상북도 포항시",
    "agree": true,
    "groups": [],
    "user_permissions": []
  }
},
{
  "model": "api.user",
  "pk": 53,
  "fields": {
    "password": "pbkdf2_sha256$1000000$ubQGrftNe7nkdfAIFguLev$pb8Ehl6U3Jxbxnxk6rA5KgvHOF4J1DuIDRP0EhSKR7Y=",
    "last_login": null,
    "is_superuser": false,
    "username": "김한결",
    "first_name": "",
    "last_name": "",
    "is_staff": false,
    "is_active": true,
    "date_joined": "2025-08-06T04:41:51Z",
    "email": "gyeal@daum.net",
    "telphone": "01048938563",
    "user_address": "서울특별시 은평구",
    "agree": true,
    "groups": [],
    "user_permissions": []
  }
},
{
  "model": "api.user",
  "pk": 54,
  "fields": {
    "password": "pbkdf2_sha256$1000000$O5RGj6t2bwYCD7uVa9fz9L$xS1JHWDd0ayPL1qo2btrqQAv5sko41K3sM3S/B7tLqs=",
    "last_login": null,
    "is_superuser": false,
    "username": "나현준",
    "first_name": "",
    "last_name": "",
    "is_staff": false,
    "is_active": true,
    "date_joined": "2025-08-06T04:41:52Z",
    "email": "hyunjun@kmail.com",
    "telphone": "01077992486",
    "user_address": "경기도 성남시",
    "agree": true,
    "groups": [],
    "user_permissions": []
  }
},
{
  "model": "api.user",
  "pk": 55,
  "fields": {
    "password": "pbkdf2_sha256$1000000$hqOWBF57hFzl0U49yjGALZ$+uPGIRn11d7IuxAgFgFiinqXRmUzZ9Pxywmkv/JZjOE=",
    "last_login": null,
    "is_superuser": false,
    "username": "신기선",
    "first_name": "",
    "last_name": "",
    "is_staff": false,
    "is_active": true,
    "date_joined": "2025-08-06T04:41:52Z",
    "email": "kisun@naver.com",
    "telphone": "01098765424",
    "user_address": "서울특별시 강동구",
    "agree": true,
    "groups": [],
    "user_permissions": []
  }
},
{
  "model": "api.user",
  "pk": 56,
  "fields": {
    "password": "pbkdf2_sha256$1000000$7YSoLuidg4DGsYzGcRWu0k$Xq3Ux6y3uNI8teaFUBYGvKsgsXNmvrt5eBUhwbRzNpE=",
    "last_login": "2025-08-21T08:12:02.439Z",
    "is_superuser": true,
    "username": "yuna",
    "first_name": "",
    "last_name": "",
    "is_staff": true,
    "is_active": true,
    "date_joined": "2025-08-06T04:43:06.661Z",
    "email": "ya8030@naver.com",
    "telphone": "",
    "user_address": "",
    "agree": false,
    "groups": [],
    "user_permissions": []
  }
},
{
  "model": "api.user",
  "pk": 57,
  "fields": {
    "password": "pbkdf2_sha256$1000000$0GlWM3WimY7EkudLIXrI8O$BsqIddlp+Qxfo7S0++HzsuxqFSEHDFQjoXKCpnMT8Zo=",
    "last_login": null,
    "is_superuser": true,
    "username": "jiyoon",
    "first_name": "",
    "last_name": "",
    "is_staff": true,
    "is_active": true,
    "date_joined": "2025-08-06T04:50:26.169Z",
    "email": "sinji@gmail.com",
    "telphone": "",
    "user_address": "",
    "agree": false,
    "groups": [],
    "user_permissions": []
  }
},
{
  "model": "api.user",
  "pk": 58,
  "fields": {
    "password": "pbkdf2_sha256$1000000$CV8U547RuGKNP5GUkiwqVK$sJx0av2HRNw879OPS8OLu7XuAiAQnZGShdubdsCbv68=",
    "last_login": null,
    "is_superuser": true,
    "username": "nuri",
    "first_name": "",
    "last_name": "",
    "is_staff": true,
    "is_active": true,
    "date_joined": "2025-08-06T04:50:50.936Z",
    "email": "yunul@gmail.com",
    "telphone": "",
    "user_address": "",
    "agree": false,
    "groups": [],
    "user_permissions": []
  }
},
{
  "model": "api.animal",
  "pk": 1,
  "fields": {
    "name_kor": "고라니",
    "name_eng": "Goat",
    "image_url": "https://i.namu.wiki/i/fCDzvNXe4SegDQEmBIU8lW-BJYNm9M_JJkW6mlYwrOqNvvM8SuTbW_RoRXk8rg98mjF9yGrxqHz2pxdVpD853g.webp",
    "description": "사람에게 해를 끼치지는 않지만, 가까이 다가가거나 자극하지 않도록 주의",
    "features": [
      "노루의 일종으로 몸이 작고 뿔이 없음",
      "견치(犬齒: 송곳니)가 송곳 모양으로 특별히 길게 자라 끝이 구부러져 있고, 입 밖으로 나옴"
    ],
    "precautions": [
      "찻길에서 만났을 땐 경적을 울리며 안전히 서행 통과"
    ]
  }
},
{
  "model": "api.animal",
  "pk": 2,
  "fields": {
    "name_kor": "멧돼지",
    "name_eng": "Wild boar",
    "image_url": "https://i.namu.wiki/i/EZEB0Ebs9QJhm-eL9ToQjluaCx-VOGqbapKdoyT1Rhb4qAB0OFyEyUboZtvB1_gImIv8_6GB_ifhWoi9OvQHLA.webp",
    "description": "사람에게 위해를 끼칠 수 있으니 절대 접근하지 말고, 거리를 두고 안전을 확보",
    "features": [
      "몸통이 짧고 튼튼하며, 앞다리에 비해 뒷다리가 덜 발달됨",
      "둔해보이는 생김새와 달리 매우 민첩함"
    ],
    "precautions": [
      "발견 즉시 신고하며, 바이러스가 옮을 수 있으니 접촉하지 않도록 조심"
    ]
  }
},
{
  "model": "api.animal",
  "pk": 3,
  "fields": {
    "name_kor": "청설모",
    "name_eng": "Squirrel",
    "image_url": "https://upload.wikimedia.org/wikipedia/commons/7/7d/%EB%8F%99%EB%B6%80%ED%9A%8C%EC%83%89%EB%8B%A4%EB%9E%8C%EC%A5%90.jpg",
    "description": "사람에게 해를 끼치지 않으니 조심히 지켜보기 바람",
    "features": [
      "복실복실한 긴 꼬리는 균형을 잡는데 도움을 주며, 잠을 잘 때 껴안고 자면 체온을 유지시켜줌"
    ],
    "precautions": [
      "유해하지 않으니 가까이 다가가거나 자극하지 않도록 주의"
    ]
  }
},
{
  "model": "api.animal",
  "pk": 4,
  "fields": {
    "name_kor": "다람쥐",
    "name_eng": "Chipmunk",
    "image_url": "https://cdn.polinews.co.kr/news/photo/202001/448410_1.jpg",
    "description": "사람에게 해를 끼치지 않으니 자연스럽게 두기 바람",
    "features": [
      "겨울잠을 자기 위해 먹이를 땅에 묻어 저장"
    ],
    "precautions": [
      "위험하지 않으니 자극하지 않고 조용히 관찰 바람"
    ]
  }
},
{
  "model": "api.animal",
  "pk": 5,
  "fields": {
    "name_kor": "너구리",
    "name_eng": "Raccoon",
    "image_url": "https://i.namu.wiki/i/TW0aMgm9rEqnZX1jKcgJXUSJCrppbKVvz7ApxrbSRSJHaURYsEK9A_2063-FN23kTI36rDLKy_n_PYVOamvMjQ.webp",
    "description": "사람에게 위해를 줄 수 있으니 거리를 두고 관찰 바람",
    "features": [
      "주둥이가 뾰족하고 귀가 동글동글하며, 몸에 살집이 많음",
      "개과 동물 중 유일하게 겨울잠을 자는 동물이며, 나무를 잘 타는 편에 속함"
    ],
    "precautions": [
      "접촉 시 바이러스 감염 위험이 있으니 접촉을 피해야 함"
    ]
  }
},
{
  "model": "api.animal",
  "pk": 6,
  "fields": {
    "name_kor": "반달가슴곰",
    "name_eng": "Asiatic black bear",
    "image_url": "https://i.namu.wiki/i/osXEr6lv9wHbhkgKwII9C2pcLj-ym0-s_86cdAGk6p48QPUyuqOWmftIs6KOp2xtftVFZyV_Ikb0hvWuHb9Tlw.webp",
    "description": "금속류의 쇳소리를 싫어하므로 호루라기를 소지하며 등을 보이지 않도록 주의",
    "features": [
      "곰 중에서 4번째로 크며, 앞발이 다른 곰보다 큰 편"
    ],
    "precautions": [
      "발견 즉시 신고 후 인기척을 내어 쫓아내야 함"
    ]
  }
},
{
  "model": "api.animal",
  "pk": 7,
  "fields": {
    "name_kor": "노루",
    "name_eng": "Roe deer",
    "image_url": "https://www.chosun.com/resizer/v2/NKTPEMDQPLVLIYZ5ODG4PSIBIE.jpg?auth=1b431042ab8ee3ccd652c8e03ccf4f1eecfa806bcf4423cef8f22514f37e08e9&width=616",
    "description": "사람에게 해를 끼치지 않으니 조용히 관찰 바람",
    "features": [
      "평소에는 붉은색을 띄지만, 겨울이 되면 북부는 밝은 회색, 남부 개체군은 회갈색이나 황토색을 띔",
      "엉덩이에 흰 반점이 있으며, 수컷은 3개의 갈래가 있는 큰 뿔이 남"
    ],
    "precautions": [
      "찻길에서 만났을 땐 경적을 울리며 안전히 서행 통과"
    ]
  }
},
{
  "model": "api.animal",
  "pk": 8,
  "fields": {
    "name_kor": "멧토끼",
    "name_eng": "Hare",
    "image_url": "https://i.namu.wiki/i/qfLWzMxXInptfEZIjvQsj9lHYTLqnZeooF30lcUp8Hh0_A0R7Ax3kG62FiPLjNVTMSxcmuUqyVFHD7tGgf_7Ww.webp",
    "description": "사람에게 위해가 없으니 조용히 관찰 바람",
    "features": [
      "천적은 맹금류, 고양이, 붉은 여우 등이 있음"
    ],
    "precautions": [
      "유해하지 않으나 지나치게 가까이 가지 않도록 주의"
    ]
  }
},
{
  "model": "api.animal",
  "pk": 9,
  "fields": {
    "name_kor": "족제비",
    "name_eng": "Weasel",
    "image_url": "https://i.namu.wiki/i/J9lnO2WAcdC2yR7zB-Tj_bxSkumSCagpSdrrf8eXZ4c7IZ1SirwWKT5R0Ta9HaJGoIk0hJ8qxzYwm16YadAeiw.webp",
    "description": "날렵하며 성질이 사나워 접근을 삼가야 함",
    "features": [
      "육식동물 중 가장 작은 종에 속하지만, 손에 꼽을 만큼 사나운 포식자",
      "몸동작이 날렵하며, 턱이 발달되어 무는 힘이 강함"
    ],
    "precautions": [
      "사람에게 유해한 동물이며 가급적 즉시 신고"
    ]
  }
},
{
  "model": "api.animal",
  "pk": 10,
  "fields": {
    "name_kor": "왜가리",
    "name_eng": "Heron",
    "image_url": "https://i.namu.wiki/i/H-57PFX-X-nihGQhyioHh2r-cJvkKnelpawBsLtKeAoGwkx8qheydMOsRqX1XraD_AlgfEX4lbqZ96vHqi2uzQ.webp",
    "description": "사람에게 해를 끼치지 않으니 조심히 지나가면 됨",
    "features": [
      "여러 가지 소리를 내지만 우는 소리가 고함치는 것과 같아 으악새라고 불리기도 함",
      "수달, 가물치와 함께 국내 하천의 최상위 포식자이며, 먹성이 좋음"
    ],
    "precautions": [
      "유해하지 않으니 가까이 다가가거나 자극하지 않도록 주의 바람"
    ]
  }
},
{
  "model": "api.animal",
  "pk": 11,
  "fields": {
    "name_kor": "중대백로",
    "name_eng": "Great egret",
    "image_url": "https://i.namu.wiki/i/yWaj8FGHllhpfWgULbsvseFL7iMVsYOLoeBg_pPxZO3nnXu8RWf5-sAzunc8oBpXKZEx41xAKubyNJdHqIvfxQ.webp",
    "description": "사람에게 해를 끼치지 않으니 가까이 다가가거나 자극하지 않도록 주의 바람",
    "features": [
      "몸 색은 전체적으로 흰색이지만, 속의 피부는 검음"
    ],
    "precautions": [
      "유해하지 않으니 자연스럽게 두면 됨"
    ]
  }
},
{
  "model": "api.searchhistory",
  "pk": 14,
  "fields": {
    "user": 4,
    "keyword": "왕십리역",
    "searched_at": "2025-07-30T06:35:19.950Z"
  }
},
{
  "model": "api.searchhistory",
  "pk": 15,
  "fields": {
    "user": 4,
    "keyword": "왕십리역",
    "searched_at": "2025-07-30T06:35:27.772Z"
  }
},
{
  "model": "api.searchhistory",
  "pk": 16,
  "fields": {
    "user": 4,
    "keyword": "고라니",
    "searched_at": "2025-07-30T06:35:38.995Z"
  }
},
{
  "model": "api.searchhistory",
  "pk": 17,
  "fields": {
    "user": 4,
    "keyword": "족제비",
    "searched_at": "2025-07-30T06:35:53.919Z"
  }
},
{
  "model": "api.searchhistory",
  "pk": 18,
  "fields": {
    "user": 4,
    "keyword": "왕십리역",
    "searched_at": "2025-07-30T06:37:51.024Z"
  }
},
{
  "model": "api.searchhistory",
  "pk": 21,
  "fields": {
    "user": 4,
    "keyword": "멧토끼",
    "searched_at": "2025-07-31T01:46:35.810Z"
  }
},
{
  "model": "api.searchhistory",
  "pk": 22,
  "fields": {
    "user": 4,
    "keyword": "왕십리역",
    "searched_at": "2025-07-31T04:20:01.063Z"
  }
},
{
  "model": "api.searchhistory",
  "pk": 23,
  "fields": {
    "user": 4,
    "keyword": "멧토끼",
    "searched_at": "2025-07-31T04:20:08.804Z"
  }
},
{
  "model": "api.searchhistory",
  "pk": 24,
  "fields": {
    "user": 4,
    "keyword": "멧토끼",
    "searched_at": "2025-08-02T10:40:21.151Z"
  }
},
{
  "model": "api.searchhistory",
  "pk": 25,
  "fields": {
    "user": 4,
    "keyword": "왕십리역",
    "searched_at": "2025-08-02T10:43:10.186Z"
  }
},
{
  "model": "api.searchhistory",
  "pk": 26,
  "fields": {
    "user": 4,
    "keyword": "왕십리역",
    "searched_at": "2025-08-02T11:03:25.481Z"
  }
},
{
  "model": "api.searchhistory",
  "pk": 27,
  "fields": {
    "user": 4,
    "keyword": "멧토끼",
    "searched_at": "2025-08-02T12:56:52.252Z"
  }
},
{
  "model": "api.searchhistory",
  "pk": 28,
  "fields": {
    "user": 4,
    "keyword": "족제비",
    "searched_at": "2025-08-02T12:57:07.464Z"
  }
},
{
  "model": "api.searchhistory",
  "pk": 29,
  "fields": {
    "user": 4,
    "keyword": "왕십리역",
    "searched_at": "2025-08-04T09:00:26.885Z"
  }
},
{
  "model": "api.searchhistory",
  "pk": 30,
  "fields": {
    "user": 4,
    "keyword": "족제비",
    "searched_at": "2025-08-04T09:00:48.553Z"
  }
},
{
  "model": "api.searchhistory",
  "pk": 31,
  "fields": {
    "user": 4,
    "keyword": "고라니",
    "searched_at": "2025-08-05T06:17:37.003Z"
  }
},
{
  "model": "api.searchhistory",
  "pk": 32,
  "fields": {
    "user": 56,
    "keyword": "고라니",
    "searched_at": "2025-08-06T06:18:21.277Z"
  }
},
{
  "model": "api.searchhistory",
  "pk": 33,
  "fields": {
    "user": 56,
    "keyword": "고라니",
    "searched_at": "2025-08-06T06:18:21.570Z"
  }
},
{
  "model": "api.searchhistory",
  "pk": 37,
  "fields": {
    "user": 56,
    "keyword": "건대입구",
    "searched_at": "2025-08-06T06:37:05.227Z"
  }
},
{
  "model": "api.searchhistory",
  "pk": 38,
  "fields": {
    "user": 56,
    "keyword": "건대입구",
    "searched_at": "2025-08-06T07:10:46.863Z"
  }
},
{
  "model": "api.searchhistory",
  "pk": 39,
  "fields": {
    "user": 56,
    "keyword": "건대입구",
    "searched_at": "2025-08-07T00:49:39.350Z"
  }
},
{
  "model": "api.searchhistory",
  "pk": 40,
  "fields": {
    "user": 56,
    "keyword": "고라니",
    "searched_at": "2025-08-07T00:49:44.349Z"
  }
},
{
  "model": "api.searchhistory",
  "pk": 41,
  "fields": {
    "user": 56,
    "keyword": "건대입구",
    "searched_at": "2025-08-07T01:02:50.055Z"
  }
},
{
  "model": "api.searchhistory",
  "pk": 42,
  "fields": {
    "user": 56,
    "keyword": "건대입구",
    "searched_at": "2025-08-07T01:16:59.881Z"
  }
},
{
  "model": "api.searchhistory",
  "pk": 43,
  "fields": {
    "user": 56,
    "keyword": "건대입구",
    "searched_at": "2025-08-07T01:45:30.378Z"
  }
},
{
  "model": "api.searchhistory",
  "pk": 44,
  "fields": {
    "user": 56,
    "keyword": "건대입구",
    "searched_at": "2025-08-07T02:55:43.467Z"
  }
},
{
  "model": "api.searchhistory",
  "pk": 45,
  "fields": {
    "user": 56,
    "keyword": "건대입구",
    "searched_at": "2025-08-07T03:48:46.706Z"
  }
},
{
  "model": "api.searchhistory",
  "pk": 46,
  "fields": {
    "user": 56,
    "keyword": "건대입구",
    "searched_at": "2025-08-07T03:52:41.268Z"
  }
},
{
  "model": "api.searchhistory",
  "pk": 47,
  "fields": {
    "user": 56,
    "keyword": "건대입구",
    "searched_at": "2025-08-07T03:52:46.341Z"
  }
},
{
  "model": "api.searchhistory",
  "pk": 48,
  "fields": {
    "user": 56,
    "keyword": "건대입구",
    "searched_at": "2025-08-07T03:53:39.548Z"
  }
},
{
  "model": "api.searchhistory",
  "pk": 49,
  "fields": {
    "user": 56,
    "keyword": "건대입구",
    "searched_at": "2025-08-07T03:56:55.069Z"
  }
},
{
  "model": "api.searchhistory",
  "pk": 50,
  "fields": {
    "user": 56,
    "keyword": "건대입구",
    "searched_at": "2025-08-07T04:05:18.248Z"
  }
},
{
  "model": "api.searchhistory",
  "pk": 52,
  "fields": {
    "user": 56,
    "keyword": "건대입구",
    "searched_at": "2025-08-07T04:22:04.324Z"
  }
},
{
  "model": "api.searchhistory",
  "pk": 53,
  "fields": {
    "user": 56,
    "keyword": "건대입구",
    "searched_at": "2025-08-07T04:34:18.452Z"
  }
},
{
  "model": "api.searchhistory",
  "pk": 54,
  "fields": {
    "user": 4,
    "keyword": "왕십리역",
    "searched_at": "2025-08-07T04:35:09.586Z"
  }
},
{
  "model": "api.searchhistory",
  "pk": 55,
  "fields": {
    "user": 4,
    "keyword": "왕십리역",
    "searched_at": "2025-08-07T04:36:09.956Z"
  }
},
{
  "model": "api.searchhistory",
  "pk": 56,
  "fields": {
    "user": 56,
    "keyword": "건대입구",
    "searched_at": "2025-08-07T04:45:22.571Z"
  }
},
{
  "model": "api.searchhistory",
  "pk": 57,
  "fields": {
    "user": 56,
    "keyword": "건대입구",
    "searched_at": "2025-08-07T04:56:16.289Z"
  }
},
{
  "model": "api.searchhistory",
  "pk": 58,
  "fields": {
    "user": 56,
    "keyword": "건대입구",
    "searched_at": "2025-08-07T05:57:37.857Z"
  }
},
{
  "model": "api.searchhistory",
  "pk": 59,
  "fields": {
    "user": 56,
    "keyword": "고라니",
    "searched_at": "2025-08-07T05:57:44.943Z"
  }
},
{
  "model": "api.searchhistory",
  "pk": 60,
  "fields": {
    "user": 56,
    "keyword": "건대입구",
    "searched_at": "2025-08-07T16:04:48.397Z"
  }
},
{
  "model": "api.searchhistory",
  "pk": 61,
  "fields": {
    "user": 56,
    "keyword": "건대입구",
    "searched_at": "2025-08-09T01:44:55.985Z"
  }
},
{
  "model": "api.searchhistory",
  "pk": 66,
  "fields": {
    "user": 56,
    "keyword": "한양대",
    "searched_at": "2025-08-15T05:50:44.765Z"
  }
},
{
  "model": "api.searchhistory",
  "pk": 67,
  "fields": {
    "user": 56,
    "keyword": "한양대",
    "searched_at": "2025-08-15T05:51:00.422Z"
  }
},
{
  "model": "api.searchhistory",
  "pk": 68,
  "fields": {
    "user": 56,
    "keyword": "고라니",
    "searched_at": "2025-08-15T05:51:18.484Z"
  }
},
{
  "model": "api.searchhistory",
  "pk": 69,
  "fields": {
    "user": 56,
    "keyword": "고라니",
    "searched_at": "2025-08-17T15:20:49.454Z"
  }
},
{
  "model": "api.searchhistory",
  "pk": 70,
  "fields": {
    "user": 56,
    "keyword": "건대입구",
    "searched_at": "2025-08-17T15:20:57.471Z"
  }
},
{
  "model": "api.searchhistory",
  "pk": 71,
  "fields": {
    "user": 56,
    "keyword": "건대입구",
    "searched_at": "2025-08-21T06:08:02.618Z"
  }
},
{
  "model": "api.searchhistory",
  "pk": 72,
  "fields": {
    "user": 56,
    "keyword": "고라니",
    "searched_at": "2025-08-21T06:08:12.457Z"
  }
},
{
  "model": "api.searchhistory",
  "pk": 73,
  "fields": {
    "user": 56,
    "keyword": "한양대",
    "searched_at": "2025-08-21T08:56:03.432Z"
  }
},
{
  "model": "api.searchhistory",
  "pk": 74,
  "fields": {
    "user": 56,
    "keyword": "한양대",
    "searched_at": "2025-08-23T14:17:50.907Z"
  }
},
{
  "model": "api.location",
  "pk": 1,
  "fields": {
    "latitude": "37.654400",
    "longitude": "127.056800",
    "city": "서울",
    "district": "노원구",
    "region": "노원구민의전당",
    "address": "서울 노원구"
  }
},
{
  "model": "api.location",
  "pk": 2,
  "fields": {
    "latitude": "37.781800",
    "longitude": "127.608800",
    "city": "강원",
    "district": "춘천시",
    "region": "봉화산",
    "address": "강원 춘천시"
  }
},
{
  "model": "api.location",
  "pk": 3,
  "fields": {
    "latitude": "37.723500",
    "longitude": "127.045100",
    "city": "경기",
    "district": "의정부",
    "region": "수락산",
    "address": "경기 의정부"
  }
},
{
  "model": "api.location",
  "pk": 4,
  "fields": {
    "latitude": "37.470200",
    "longitude": "127.018800",
    "city": "서울",
    "district": "강남구",
    "region": "우면산",
    "address": "서울 강남구"
  }
},
{
  "model": "api.location",
  "pk": 5,
  "fields": {
    "latitude": "37.552000",
    "longitude": "127.211500",
    "city": "경기",
    "district": "하남시",
    "region": "검단산",
    "address": "경기 하남시"
  }
},
{
  "model": "api.location",
  "pk": 6,
  "fields": {
    "latitude": "37.617800",
    "longitude": "126.922700",
    "city": "서울",
    "district": "은평구",
    "region": "불광천",
    "address": "서울 은평구"
  }
},
{
  "model": "api.location",
  "pk": 7,
  "fields": {
    "latitude": "37.600100",
    "longitude": "127.096700",
    "city": "서울",
    "district": "중랑구",
    "region": "중랑천",
    "address": "서울 중랑구"
  }
},
{
  "model": "api.location",
  "pk": 8,
  "fields": {
    "latitude": "37.399100",
    "longitude": "126.734700",
    "city": "인천",
    "district": "남동구",
    "region": "인천대공원",
    "address": "인천 남동구"
  }
},
{
  "model": "api.location",
  "pk": 9,
  "fields": {
    "latitude": "37.514000",
    "longitude": "127.062800",
    "city": "서울",
    "district": "강남구",
    "region": "아파트 단지",
    "address": "서울 강남구"
  }
},
{
  "model": "api.location",
  "pk": 10,
  "fields": {
    "latitude": "37.386200",
    "longitude": "126.643200",
    "city": "인천",
    "district": "연수구",
    "region": "송도국제도시 인근 하천",
    "address": "인천 연수구"
  }
},
{
  "model": "api.location",
  "pk": 11,
  "fields": {
    "latitude": "37.517900",
    "longitude": "126.894300",
    "city": "서울",
    "district": "영등포구",
    "region": "영등포공원",
    "address": "서울 영등포구"
  }
},
{
  "model": "api.location",
  "pk": 12,
  "fields": {
    "latitude": "37.535700",
    "longitude": "127.004900",
    "city": "서울",
    "district": "용산구",
    "region": "한남동 아파트 단지",
    "address": "서울 용산구"
  }
},
{
  "model": "api.location",
  "pk": 13,
  "fields": {
    "latitude": "37.517100",
    "longitude": "126.853300",
    "city": "서울",
    "district": "양천구",
    "region": "양천향교 인근 하천",
    "address": "서울 양천구"
  }
},
{
  "model": "api.location",
  "pk": 14,
  "fields": {
    "latitude": "35.568900",
    "longitude": "129.129000",
    "city": "울산",
    "district": "울주군",
    "region": "태화강",
    "address": "울산 울주군"
  }
},
{
  "model": "api.location",
  "pk": 15,
  "fields": {
    "latitude": "35.853000",
    "longitude": "128.556700",
    "city": "대구",
    "district": "달서구",
    "region": "월관수변공원",
    "address": "대구 달서구"
  }
},
{
  "model": "api.location",
  "pk": 16,
  "fields": {
    "latitude": "37.613400",
    "longitude": "126.837200",
    "city": "경기",
    "district": "고양시",
    "region": "행주산성공원",
    "address": "경기 고양시"
  }
},
{
  "model": "api.location",
  "pk": 17,
  "fields": {
    "latitude": "36.991000",
    "longitude": "127.926700",
    "city": "충북",
    "district": "충주시",
    "region": "생태공원",
    "address": "충북 충주시"
  }
},
{
  "model": "api.location",
  "pk": 18,
  "fields": {
    "latitude": "35.191300",
    "longitude": "128.799100",
    "city": "경남",
    "district": "김해시",
    "region": "계곡",
    "address": "경남 김해시"
  }
},
{
  "model": "api.location",
  "pk": 19,
  "fields": {
    "latitude": "35.230200",
    "longitude": "126.845100",
    "city": "광주",
    "district": "북구",
    "region": "무등산 계곡 하류",
    "address": "광주 북구"
  }
},
{
  "model": "api.location",
  "pk": 20,
  "fields": {
    "latitude": "37.263500",
    "longitude": "126.972500",
    "city": "경기",
    "district": "수원시",
    "region": "광교호수공원",
    "address": "경기 수원시"
  }
},
{
  "model": "api.location",
  "pk": 21,
  "fields": {
    "latitude": "36.629400",
    "longitude": "127.292700",
    "city": "충북",
    "district": "청주시",
    "region": "무심천변공원",
    "address": "충북 청주시"
  }
},
{
  "model": "api.location",
  "pk": 22,
  "fields": {
    "latitude": "34.935300",
    "longitude": "127.487500",
    "city": "전남",
    "district": "순천시",
    "region": "국가정원",
    "address": "전남 순천시"
  }
},
{
  "model": "api.location",
  "pk": 23,
  "fields": {
    "latitude": "37.541500",
    "longitude": "126.896100",
    "city": "서울",
    "district": "영등포구",
    "region": "인근 야산",
    "address": "서울 영등포구"
  }
},
{
  "model": "api.location",
  "pk": 24,
  "fields": {
    "latitude": "35.284100",
    "longitude": "126.517400",
    "city": "전남",
    "district": "영광군",
    "region": "불갑산",
    "address": "전남 영광군"
  }
},
{
  "model": "api.location",
  "pk": 25,
  "fields": {
    "latitude": "37.524600",
    "longitude": "127.596700",
    "city": "경기",
    "district": "양평군",
    "region": "용문산",
    "address": "경기 양평군"
  }
},
{
  "model": "api.location",
  "pk": 26,
  "fields": {
    "latitude": "37.578600",
    "longitude": "126.939600",
    "city": "서울",
    "district": "마포구",
    "region": "홍제천 인근",
    "address": "서울 마포구"
  }
},
{
  "model": "api.location",
  "pk": 27,
  "fields": {
    "latitude": "37.544600",
    "longitude": "127.037200",
    "city": "서울",
    "district": "성동구",
    "region": "서울숲",
    "address": "서울 성동구"
  }
},
{
  "model": "api.location",
  "pk": 28,
  "fields": {
    "latitude": "37.565900",
    "longitude": "126.827400",
    "city": "서울",
    "district": "강서구",
    "region": "한강변",
    "address": "서울 강서구"
  }
},
{
  "model": "api.location",
  "pk": 29,
  "fields": {
    "latitude": "37.558700",
    "longitude": "126.671600",
    "city": "인천",
    "district": "서구",
    "region": "경인아라뱃길",
    "address": "인천 서구"
  }
},
{
  "model": "api.location",
  "pk": 30,
  "fields": {
    "latitude": "35.160300",
    "longitude": "129.163300",
    "city": "부산",
    "district": "해운대구",
    "region": "수변공원",
    "address": "부산 해운대구"
  }
},
{
  "model": "api.location",
  "pk": 31,
  "fields": {
    "latitude": "37.406800",
    "longitude": "127.113800",
    "city": "경기",
    "district": "성남시",
    "region": "탄천 산책로",
    "address": "경기 성남시"
  }
},
{
  "model": "api.location",
  "pk": 32,
  "fields": {
    "latitude": "35.148100",
    "longitude": "126.919600",
    "city": "광주",
    "district": "동구",
    "region": "광주천 인근",
    "address": "광주 동구"
  }
},
{
  "model": "api.location",
  "pk": 33,
  "fields": {
    "latitude": "35.976100",
    "longitude": "126.711300",
    "city": "전북",
    "district": "군산시",
    "region": "도심공원",
    "address": "전북 군산시"
  }
},
{
  "model": "api.location",
  "pk": 34,
  "fields": {
    "latitude": "36.020100",
    "longitude": "129.325200",
    "city": "경북",
    "district": "포항시",
    "region": "형산강변",
    "address": "경북 포항시"
  }
},
{
  "model": "api.location",
  "pk": 35,
  "fields": {
    "latitude": "35.552600",
    "longitude": "129.307300",
    "city": "울산",
    "district": "중구",
    "region": "태화강 국가정원",
    "address": "울산 중구"
  }
},
{
  "model": "api.location",
  "pk": 36,
  "fields": {
    "latitude": "36.504400",
    "longitude": "127.249300",
    "city": "세종",
    "district": "종촌동",
    "region": "도시녹지공원",
    "address": "세종 종촌동"
  }
},
{
  "model": "api.location",
  "pk": 37,
  "fields": {
    "latitude": "36.815400",
    "longitude": "127.161600",
    "city": "충남",
    "district": "천안시",
    "region": "태조산",
    "address": "충남 천안시"
  }
},
{
  "model": "api.location",
  "pk": 38,
  "fields": {
    "latitude": "37.337600",
    "longitude": "127.947400",
    "city": "강원",
    "district": "원주시",
    "region": "학성천 수변공원",
    "address": "강원 원주시"
  }
},
{
  "model": "api.location",
  "pk": 39,
  "fields": {
    "latitude": "35.563600",
    "longitude": "126.853500",
    "city": "전북",
    "district": "정읍시",
    "region": "정읍천변 공원",
    "address": "전북 정읍시"
  }
},
{
  "model": "api.location",
  "pk": 40,
  "fields": {
    "latitude": "37.323900",
    "longitude": "126.821300",
    "city": "경기",
    "district": "안산시",
    "region": "화정천 수변녹지",
    "address": "경기 안산시"
  }
},
{
  "model": "api.location",
  "pk": 41,
  "fields": {
    "latitude": "35.192700",
    "longitude": "128.083300",
    "city": "경남",
    "district": "진주시",
    "region": "남강 둔치공원",
    "address": "경남 진주시"
  }
},
{
  "model": "api.location",
  "pk": 42,
  "fields": {
    "latitude": "36.455300",
    "longitude": "127.122200",
    "city": "충남",
    "district": "공주시",
    "region": "금강공원",
    "address": "충남 공주시"
  }
},
{
  "model": "api.location",
  "pk": 43,
  "fields": {
    "latitude": "34.792500",
    "longitude": "126.376000",
    "city": "전남",
    "district": "목포시",
    "region": "유달산공원",
    "address": "전남 목포시"
  }
},
{
  "model": "api.report",
  "pk": 1,
  "fields": {
    "user": 25,
    "animal": 8,
    "location": 17,
    "report_date": "2023-12-31T15:00:00Z",
    "image": "",
    "status": "completed"
  }
},
{
  "model": "api.report",
  "pk": 2,
  "fields": {
    "user": 13,
    "animal": 11,
    "location": 9,
    "report_date": "2024-01-15T15:00:00Z",
    "image": "",
    "status": "completed"
  }
},
{
  "model": "api.report",
  "pk": 3,
  "fields": {
    "user": 35,
    "animal": 1,
    "location": 31,
    "report_date": "2024-02-13T15:00:00Z",
    "image": "",
    "status": "completed"
  }
},
{
  "model": "api.report",
  "pk": 4,
  "fields": {
    "user": 21,
    "animal": 5,
    "location": 6,
    "report_date": "2024-03-14T15:00:00Z",
    "image": "",
    "status": "on_hold"
  }
},
{
  "model": "api.report",
  "pk": 5,
  "fields": {
    "user": 1,
    "animal": 2,
    "location": 40,
    "report_date": "2024-03-21T15:00:00Z",
    "image": "",
    "status": "completed"
  }
},
{
  "model": "api.report",
  "pk": 6,
  "fields": {
    "user": 3,
    "animal": 9,
    "location": 12,
    "report_date": "2024-04-16T15:00:00Z",
    "image": "",
    "status": "completed"
  }
},
{
  "model": "api.report",
  "pk": 7,
  "fields": {
    "user": 2,
    "animal": 5,
    "location": 4,
    "report_date": "2024-04-22T15:00:00Z",
    "image": "",
    "status": "completed"
  }
},
{
  "model": "api.report",
  "pk": 8,
  "fields": {
    "user": 4,
    "animal": 8,
    "location": 28,
    "report_date": "2024-04-30T15:00:00Z",
    "image": "",
    "status": "checking"
  }
},
{
  "model": "api.report",
  "pk": 9,
  "fields": {
    "user": 28,
    "animal": 5,
    "location": 15,
    "report_date": "2024-05-29T15:00:00Z",
    "image": "",
    "status": "completed"
  }
},
{
  "model": "api.report",
  "pk": 10,
  "fields": {
    "user": 17,
    "animal": 2,
    "location": 7,
    "report_date": "2024-06-10T15:00:00Z",
    "image": "",
    "status": "on_hold"
  }
},
{
  "model": "api.report",
  "pk": 11,
  "fields": {
    "user": 29,
    "animal": 5,
    "location": 36,
    "report_date": "2024-06-02T15:00:00Z",
    "image": "",
    "status": "completed"
  }
},
{
  "model": "api.report",
  "pk": 12,
  "fields": {
    "user": 12,
    "animal": 2,
    "location": 25,
    "report_date": "2024-06-18T15:00:00Z",
    "image": "",
    "status": "completed"
  }
},
{
  "model": "api.report",
  "pk": 13,
  "fields": {
    "user": 5,
    "animal": 1,
    "location": 2,
    "report_date": "2024-06-20T15:00:00Z",
    "image": "",
    "status": "checking"
  }
},
{
  "model": "api.report",
  "pk": 14,
  "fields": {
    "user": 2,
    "animal": 2,
    "location": 19,
    "report_date": "2024-07-19T15:00:00Z",
    "image": "",
    "status": "on_hold"
  }
},
{
  "model": "api.report",
  "pk": 15,
  "fields": {
    "user": 30,
    "animal": 7,
    "location": 38,
    "report_date": "2024-07-31T15:00:00Z",
    "image": "",
    "status": "completed"
  }
},
{
  "model": "api.report",
  "pk": 16,
  "fields": {
    "user": 33,
    "animal": 7,
    "location": 14,
    "report_date": "2024-08-29T15:00:00Z",
    "image": "",
    "status": "completed"
  }
},
{
  "model": "api.report",
  "pk": 17,
  "fields": {
    "user": 7,
    "animal": 1,
    "location": 42,
    "report_date": "2024-09-12T15:00:00Z",
    "image": "",
    "status": "completed"
  }
},
{
  "model": "api.report",
  "pk": 18,
  "fields": {
    "user": 26,
    "animal": 1,
    "location": 20,
    "report_date": "2024-10-28T15:00:00Z",
    "image": "",
    "status": "completed"
  }
},
{
  "model": "api.report",
  "pk": 19,
  "fields": {
    "user": 8,
    "animal": 10,
    "location": 11,
    "report_date": "2024-11-06T15:00:00Z",
    "image": "",
    "status": "completed"
  }
},
{
  "model": "api.report",
  "pk": 20,
  "fields": {
    "user": 1,
    "animal": 1,
    "location": 27,
    "report_date": "2024-11-29T15:00:00Z",
    "image": "",
    "status": "completed"
  }
},
{
  "model": "api.report",
  "pk": 21,
  "fields": {
    "user": 18,
    "animal": 7,
    "location": 34,
    "report_date": "2024-12-23T15:00:00Z",
    "image": "",
    "status": "on_hold"
  }
},
{
  "model": "api.report",
  "pk": 22,
  "fields": {
    "user": 22,
    "animal": 7,
    "location": 8,
    "report_date": "2024-12-24T15:00:00Z",
    "image": "",
    "status": "completed"
  }
},
{
  "model": "api.report",
  "pk": 23,
  "fields": {
    "user": 14,
    "animal": 5,
    "location": 43,
    "report_date": "2024-12-24T15:00:00Z",
    "image": "",
    "status": "checking"
  }
},
{
  "model": "api.report",
  "pk": 24,
  "fields": {
    "user": 31,
    "animal": 1,
    "location": 5,
    "report_date": "2024-12-31T15:00:00Z",
    "image": "",
    "status": "on_hold"
  }
},
{
  "model": "api.report",
  "pk": 25,
  "fields": {
    "user": 27,
    "animal": 4,
    "location": 23,
    "report_date": "2025-01-09T15:00:00Z",
    "image": "",
    "status": "completed"
  }
},
{
  "model": "api.report",
  "pk": 26,
  "fields": {
    "user": 15,
    "animal": 1,
    "location": 30,
    "report_date": "2025-01-25T15:00:00Z",
    "image": "",
    "status": "completed"
  }
},
{
  "model": "api.report",
  "pk": 27,
  "fields": {
    "user": 24,
    "animal": 5,
    "location": 1,
    "report_date": "2025-01-28T15:00:00Z",
    "image": "",
    "status": "completed"
  }
},
{
  "model": "api.report",
  "pk": 28,
  "fields": {
    "user": 34,
    "animal": 9,
    "location": 21,
    "report_date": "2025-01-31T15:00:00Z",
    "image": "",
    "status": "completed"
  }
},
{
  "model": "api.report",
  "pk": 29,
  "fields": {
    "user": 10,
    "animal": 10,
    "location": 32,
    "report_date": "2025-02-12T15:00:00Z",
    "image": "",
    "status": "completed"
  }
},
{
  "model": "api.report",
  "pk": 30,
  "fields": {
    "user": 28,
    "animal": 6,
    "location": 29,
    "report_date": "2025-02-19T15:00:00Z",
    "image": "",
    "status": "checking"
  }
},
{
  "model": "api.report",
  "pk": 31,
  "fields": {
    "user": 20,
    "animal": 8,
    "location": 37,
    "report_date": "2025-02-21T15:00:00Z",
    "image": "",
    "status": "on_hold"
  }
},
{
  "model": "api.report",
  "pk": 32,
  "fields": {
    "user": 6,
    "animal": 9,
    "location": 24,
    "report_date": "2025-03-02T15:00:00Z",
    "image": "",
    "status": "completed"
  }
},
{
  "model": "api.report",
  "pk": 33,
  "fields": {
    "user": 16,
    "animal": 6,
    "location": 22,
    "report_date": "2025-03-10T15:00:00Z",
    "image": "",
    "status": "completed"
  }
},
{
  "model": "api.report",
  "pk": 34,
  "fields": {
    "user": 19,
    "animal": 11,
    "location": 13,
    "report_date": "2025-04-27T15:00:00Z",
    "image": "",
    "status": "completed"
  }
},
{
  "model": "api.report",
  "pk": 35,
  "fields": {
    "user": 23,
    "animal": 8,
    "location": 39,
    "report_date": "2025-05-12T15:00:00Z",
    "image": "",
    "status": "completed"
  }
},
{
  "model": "api.report",
  "pk": 36,
  "fields": {
    "user": 9,
    "animal": 9,
    "location": 16,
    "report_date": "2025-05-25T15:00:00Z",
    "image": "",
    "status": "completed"
  }
},
{
  "model": "api.report",
  "pk": 37,
  "fields": {
    "user": 32,
    "animal": 6,
    "location": 3,
    "report_date": "2025-06-04T15:00:00Z",
    "image": "",
    "status": "checking"
  }
},
{
  "model": "api.report",
  "pk": 38,
  "fields": {
    "user": 11,
    "animal": 11,
    "location": 41,
    "report_date": "2025-06-11T15:00:00Z",
    "image": "",
    "status": "on_hold"
  }
},
{
  "model": "api.report",
  "pk": 39,
  "fields": {
    "user": 48,
    "animal": 8,
    "location": 26,
    "report_date": "2025-06-23T15:00:00Z",
    "image": "",
    "status": "on_hold"
  }
},
{
  "model": "api.report",
  "pk": 40,
  "fields": {
    "user": 43,
    "animal": 1,
    "location": 33,
    "report_date": "2025-06-26T15:00:00Z",
    "image": "",
    "status": "checking"
  }
},
{
  "model": "api.report",
  "pk": 41,
  "fields": {
    "user": 41,
    "animal": 5,
    "location": 10,
    "report_date": "2025-06-29T15:00:00Z",
    "image": "",
    "status": "checking"
  }
},
{
  "model": "api.report",
  "pk": 42,
  "fields": {
    "user": 49,
    "animal": 10,
    "location": 18,
    "report_date": "2025-07-22T15:00:00Z",
    "image": "",
    "status": "checking"
  }
},
{
  "model": "api.report",
  "pk": 43,
  "fields": {
    "user": 39,
    "animal": 4,
    "location": 35,
    "report_date": "2025-07-31T15:00:00Z",
    "image": "",
    "status": "checking"
  }
},
{
  "model": "api.report",
  "pk": 44,
  "fields": {
    "user": 40,
    "animal": 1,
    "location": 28,
    "report_date": "2025-08-14T15:00:00Z",
    "image": "",
    "status": "checking"
  }
},
{
  "model": "api.report",
  "pk": 45,
  "fields": {
    "user": 37,
    "animal": 1,
    "location": 2,
    "report_date": "2025-08-29T15:00:00Z",
    "image": "",
    "status": "on_hold"
  }
},
{
  "model": "api.report",
  "pk": 46,
  "fields": {
    "user": 36,
    "animal": 5,
    "location": 7,
    "report_date": "2025-09-12T15:00:00Z",
    "image": "",
    "status": "on_hold"
  }
},
{
  "model": "api.report",
  "pk": 47,
  "fields": {
    "user": 41,
    "animal": 6,
    "location": 4,
    "report_date": "2025-09-20T15:00:00Z",
    "image": "",
    "status": "checking"
  }
},
{
  "model": "api.report",
  "pk": 48,
  "fields": {
    "user": 44,
    "animal": 10,
    "location": 30,
    "report_date": "2025-10-01T15:00:00Z",
    "image": "",
    "status": "checking"
  }
},
{
  "model": "api.report",
  "pk": 49,
  "fields": {
    "user": 55,
    "animal": 1,
    "location": 13,
    "report_date": "2025-10-28T15:00:00Z",
    "image": "",
    "status": "checking"
  }
},
{
  "model": "api.notification",
  "pk": 1,
  "fields": {
    "user": 4,
    "admin": null,
    "type": "individual",
    "reply": "보류 중이던 신고 건 처리가 완료되었습니다.",
    "status_change": "completed",
    "created_at": "2025-08-21T11:35:44Z"
  }
},
{
  "model": "api.notification",
  "pk": 2,
  "fields": {
    "user": 9,
    "admin": null,
    "type": "individual",
    "reply": "신고 건이 보류 처리되었습니다.",
    "status_change": "on_hold",
    "created_at": "2025-08-21T11:35:44Z"
  }
},
{
  "model": "api.notification",
  "pk": 3,
  "fields": {
    "user": 11,
    "admin": null,
    "type": "individual",
    "reply": "보류 중이던 신고 건 처리가 완료되었습니다.",
    "status_change": "completed",
    "created_at": "2025-08-21T11:35:44Z"
  }
},
{
  "model": "api.notification",
  "pk": 4,
  "fields": {
    "user": 14,
    "admin": null,
    "type": "individual",
    "reply": "신고 건에 대한 처리가 완료되었습니다.",
    "status_change": "completed",
    "created_at": "2025-08-21T11:35:44Z"
  }
},
{
  "model": "api.notification",
  "pk": 5,
  "fields": {
    "user": 15,
    "admin": null,
    "type": "individual",
    "reply": "보류 중이던 신고 건 처리가 완료되었습니다.",
    "status_change": "completed",
    "created_at": "2025-08-21T11:35:44Z"
  }
},
{
  "model": "api.notification",
  "pk": 6,
  "fields": {
    "user": 24,
    "admin": null,
    "type": "individual",
    "reply": "신고 건이 보류 처리되었습니다.",
    "status_change": "on_hold",
    "created_at": "2025-08-21T11:35:44Z"
  }
},
{
  "model": "api.notification",
  "pk": 7,
  "fields": {
    "user": 25,
    "admin": null,
    "type": "individual",
    "reply": "보류 중이던 신고 건 처리가 완료되었습니다.",
    "status_change": "completed",
    "created_at": "2025-08-21T11:35:44Z"
  }
},
{
  "model": "api.notification",
  "pk": 8,
  "fields": {
    "user": 31,
    "admin": null,
    "type": "individual",
    "reply": "신고 건에 대한 처리가 완료되었습니다.",
    "status_change": "completed",
    "created_at": "2025-08-21T11:35:44Z"
  }
},
{
  "model": "api.notification",
  "pk": 9,
  "fields": {
    "user": 32,
    "admin": null,
    "type": "individual",
    "reply": "보류 중이던 신고 건 처리가 완료되었습니다.",
    "status_change": "completed",
    "created_at": "2025-08-21T11:35:44Z"
  }
},
{
  "model": "api.notification",
  "pk": 10,
  "fields": {
    "user": 38,
    "admin": null,
    "type": "individual",
    "reply": "신고 건에 대한 처리가 완료되었습니다.",
    "status_change": "completed",
    "created_at": "2025-08-21T11:35:44Z"
  }
},
{
  "model": "api.notification",
  "pk": 11,
  "fields": {
    "user": 39,
    "admin": null,
    "type": "individual",
    "reply": "보류 중이던 신고 건 처리가 완료되었습니다.",
    "status_change": "completed",
    "created_at": "2025-08-21T11:35:44Z"
  }
},
{
  "model": "api.notification",
  "pk": 12,
  "fields": {
    "user": 40,
    "admin": null,
    "type": "individual",
    "reply": "보류 중이던 신고 건 처리가 완료되었습니다.",
    "status_change": "completed",
    "created_at": "2025-08-21T11:35:44Z"
  }
},
{
  "model": "api.notification",
  "pk": 13,
  "fields": {
    "user": 41,
    "admin": null,
    "type": "individual",
    "reply": "신고 건에 대한 처리가 완료되었습니다.",
    "status_change": "completed",
    "created_at": "2025-08-21T11:35:44Z"
  }
},
{
  "model": "api.notification",
  "pk": 14,
  "fields": {
    "user": 42,
    "admin": null,
    "type": "individual",
    "reply": "신고 건이 보류 처리되었습니다.",
    "status_change": "on_hold",
    "created_at": "2025-08-21T11:35:44Z"
  }
},
{
  "model": "api.notification",
  "pk": 15,
  "fields": {
    "user": 43,
    "admin": null,
    "type": "individual",
    "reply": "신고 건이 보류 처리되었습니다.",
    "status_change": "on_hold",
    "created_at": "2025-08-21T11:35:44Z"
  }
},
{
  "model": "api.notification",
  "pk": 16,
  "fields": {
    "user": 44,
    "admin": null,
    "type": "individual",
    "reply": "신고 건에 대한 처리가 완료되었습니다.",
    "status_change": "completed",
    "created_at": "2025-08-21T11:35:44Z"
  }
},
{
  "model": "api.notification",
  "pk": 17,
  "fields": {
    "user": 45,
    "admin": null,
    "type": "individual",
    "reply": "신고 건에 대한 처리가 완료되었습니다.",
    "status_change": "completed",
    "created_at": "2025-08-21T11:35:44Z"
  }
},
{
  "model": "api.notification",
  "pk": 18,
  "fields": {
    "user": 46,
    "admin": null,
    "type": "individual",
    "reply": "보류 중이던 신고 건 처리가 완료되었습니다.",
    "status_change": "completed",
    "created_at": "2025-08-21T11:35:44Z"
  }
},
{
  "model": "api.notification",
  "pk": 19,
  "fields": {
    "user": 47,
    "admin": null,
    "type": "individual",
    "reply": "보류 중이던 신고 건 처리가 완료되었습니다.",
    "status_change": "completed",
    "created_at": "2025-08-21T11:35:44Z"
  }
},
{
  "model": "api.notification",
  "pk": 20,
  "fields": {
    "user": 48,
    "admin": null,
    "type": "individual",
    "reply": "신고 건에 대한 처리가 완료되었습니다.",
    "status_change": "completed",
    "created_at": "2025-08-21T11:35:44Z"
  }
},
{
  "model": "api.notification",
  "pk": 21,
  "fields": {
    "user": 49,
    "admin": null,
    "type": "individual",
    "reply": "신고 건이 보류 처리되었습니다.",
    "status_change": "on_hold",
    "created_at": "2025-08-21T11:35:44Z"
  }
},
{
  "model": "api.notification",
  "pk": 22,
  "fields": {
    "user": 50,
    "admin": null,
    "type": "individual",
    "reply": "신고 건이 보류 처리되었습니다.",
    "status_change": "on_hold",
    "created_at": "2025-08-21T11:35:44Z"
  }
},
{
  "model": "api.notification",
  "pk": 23,
  "fields": {
    "user": null,
    "admin": null,
    "type": "group",
    "reply": "SENCITY 앱이 업데이트되었어요!",
    "status_change": null,
    "created_at": "2025-08-21T11:35:44Z"
  }
},
{
  "model": "api.notification",
  "pk": 24,
  "fields": {
    "user": null,
    "admin": null,
    "type": "group",
    "reply": "우천 시 로드킬 발생 주의 안내\\n감속 운전으로 함께 생명을 지켜주세요.",
    "status_change": null,
    "created_at": "2025-08-21T11:35:44Z"
  }
},
{
  "model": "api.notification",
  "pk": 25,
  "fields": {
    "user": null,
    "admin": null,
    "type": "group",
    "reply": "적설 시 로드킬 사고 급증\\n야간이나 새벽 운행 시 저속 운전 부탁드립니다.",
    "status_change": null,
    "created_at": "2025-08-21T11:35:44Z"
  }
},
{
  "model": "api.notification",
  "pk": 26,
  "fields": {
    "user": null,
    "admin": null,
    "type": "group",
    "reply": "안개로 시야 확보 어려움\\n주변 도로에 야생동물 주의 바랍니다.",
    "status_change": null,
    "created_at": "2025-08-21T11:35:44Z"
  }
},
{
  "model": "api.notification",
  "pk": 27,
  "fields": {
    "user": null,
    "admin": null,
    "type": "group",
    "reply": "태풍 후 야생동물 이동 증가\\n도로 위 돌발 상황에 주의하세요.",
    "status_change": null,
    "created_at": "2025-08-21T11:35:44Z"
  }
},
{
  "model": "api.notification",
  "pk": 28,
  "fields": {
    "user": null,
    "admin": null,
    "type": "group",
    "reply": "건조한 날씨로 산불 위험 증가\\n야생동물의 이동이 잦아질 수 있습니다.",
    "status_change": null,
    "created_at": "2025-08-21T11:35:44Z"
  }
},
{
  "model": "api.notification",
  "pk": 29,
  "fields": {
    "user": null,
    "admin": null,
    "type": "group",
    "reply": "우박으로 인한 야생동물 이동 증가\\n야생동물의 이동이 잦아질 수 있습니다.",
    "status_change": null,
    "created_at": "2025-08-21T11:35:44Z"
  }
},
{
  "model": "api.notification",
  "pk": 30,
  "fields": {
    "user": null,
    "admin": null,
    "type": "group",
    "reply": "SENCITY 서비스 점검 안내\\n보다 나은 서비스 제공을 위해 점검 시간에는 일부 기능 이용이 제한될 수 있으니 양해 부탁드립니다.",
    "status_change": null,
    "created_at": "2025-08-21T11:35:44Z"
  }
},
{
  "model": "api.notification",
  "pk": 31,
  "fields": {
    "user": null,
    "admin": null,
    "type": "group",
    "reply": "새로운 기능이 추가되었어요!\\n지금 앱을 열고 새로운 기능을 확인해보세요",
    "status_change": null,
    "created_at": "2025-08-21T11:35:44Z"
  }
},
{
  "model": "api.notification",
  "pk": 32,
  "fields": {
    "user": null,
    "admin": null,
    "type": "group",
    "reply": "SENCITY 캠페인 참여 안내\\n작은 관심이 생명을 살립니다지금 SENCITY와 함께 로드킬 줄이기 캠페인에 참여해 보세요!",
    "status_change": null,
    "created_at": "2025-08-21T11:35:44Z"
  }
},
{
  "model": "api.notification",
  "pk": 33,
  "fields": {
    "user": null,
    "admin": null,
    "type": "group",
    "reply": "위치정보 오류 수정 안내\\n불편을 드려 죄송합니다. 앞으로 더 안정적인 서비스를 제공하겠습니다.",
    "status_change": null,
    "created_at": "2025-08-21T11:35:44Z"
  }
},
{
  "model": "api.notification",
  "pk": 34,
  "fields": {
    "user": null,
    "admin": null,
    "type": "group",
    "reply": "보안 강화/정책 변경 안내\\n비밀번호는 주기적으로 변경해 주세요.",
    "status_change": null,
    "created_at": "2025-08-21T11:35:44Z"
  }
},
{
  "model": "api.notification",
  "pk": 35,
  "fields": {
    "user": null,
    "admin": null,
    "type": "group",
    "reply": "앱 버전 지원 중단 안내\\n원활한 이용을 위해 최신 버전으로 업데이트해 주세요.",
    "status_change": null,
    "created_at": "2025-08-21T11:35:44Z"
  }
},
{
  "model": "api.notification",
  "pk": 36,
  "fields": {
    "user": null,
    "admin": null,
    "type": "group",
    "reply": "일시적 장애/복구 안내\\n불편을 드려 죄송합니다. 더 안정적인 서비스를 위해 노력하겠습니다.",
    "status_change": null,
    "created_at": "2025-08-21T11:35:44Z"
  }
},
{
  "model": "api.notification",
  "pk": 37,
  "fields": {
    "user": null,
    "admin": null,
    "type": "group",
    "reply": "최근 산책로 인근 야생동물 출현\\n주변 야생동물 주의 바랍니다.",
    "status_change": null,
    "created_at": "2025-08-21T11:35:44Z"
  }
},
{
  "model": "api.notification",
  "pk": 38,
  "fields": {
    "user": null,
    "admin": null,
    "type": "group",
    "reply": "야생동물 번식기에는 공격성이 증가합니다\\n새끼를 발견해도 가까이 다가가지 마세요.",
    "status_change": null,
    "created_at": "2025-08-21T11:35:44Z"
  }
},
{
  "model": "api.notification",
  "pk": 39,
  "fields": {
    "user": null,
    "admin": null,
    "type": "group",
    "reply": "최근 산불 영향으로 야생동물 이동이 증가 중입니다\\n산행 중 마주칠 경우 천천히 거리 유지하세요.",
    "status_change": null,
    "created_at": "2025-08-21T11:35:44Z"
  }
},
{
  "model": "api.notification",
  "pk": 40,
  "fields": {
    "user": null,
    "admin": null,
    "type": "group",
    "reply": "최근 멧돼지 출몰 신고 다수 발생\\n산행 시 마주칠 경우 등을 보이지 말고 천천히 이동하세요.",
    "status_change": null,
    "created_at": "2025-08-21T11:35:44Z"
  }
},
{
  "model": "api.notification",
  "pk": 41,
  "fields": {
    "user": null,
    "admin": null,
    "type": "group",
    "reply": "산길 인근 먹이 활동 활발\\n음식물 쓰레기 방치 금지 및 주변 환경 보호에 협조 바랍니다.",
    "status_change": null,
    "created_at": "2025-08-21T11:35:44Z"
  }
},
{
  "model": "api.notification",
  "pk": 42,
  "fields": {
    "user": null,
    "admin": null,
    "type": "group",
    "reply": "산길 낙석 및 미끄럼 주의\\n위험 구간에서는 주변을 잘 살피고 조심하세요.",
    "status_change": null,
    "created_at": "2025-08-21T11:35:44Z"
  }
},
{
  "model": "api.feedback",
  "pk": 1,
  "fields": {
    "report": 1,
    "user": 25,
    "admin": 2,
    "content": "멧토끼는 현장 확인 결과, 안전 구역 내 자연 서식 중입니다. 주의 안내만 진행합니다.",
    "feedback_datetime": "2025-08-21T11:45:09Z"
  }
},
{
  "model": "api.feedback",
  "pk": 2,
  "fields": {
    "report": 2,
    "user": 13,
    "admin": 1,
    "content": "중대백로는 봉화산 인근 보호종으로 지정된 개체로, 조치 필요 없습니다.",
    "feedback_datetime": "2025-08-21T11:45:09Z"
  }
},
{
  "model": "api.feedback",
  "pk": 3,
  "fields": {
    "report": 3,
    "user": 35,
    "admin": 3,
    "content": "고라니는 유기된 것으로 판단되어 구조 절차를 진행 중입니다.",
    "feedback_datetime": "2025-08-21T11:45:09Z"
  }
},
{
  "model": "api.feedback",
  "pk": 4,
  "fields": {
    "report": 4,
    "user": 21,
    "admin": 1,
    "content": "너구리는 접근 위험이 있어 일시적 통제 및 모니터링 중입니다.",
    "feedback_datetime": "2025-08-21T11:45:09Z"
  }
},
{
  "model": "api.feedback",
  "pk": 5,
  "fields": {
    "report": 5,
    "user": 1,
    "admin": 3,
    "content": "멧돼지는 즉시 대응팀이 출동하여 포획 완료했습니다.",
    "feedback_datetime": "2025-08-21T11:45:09Z"
  }
},
{
  "model": "api.feedback",
  "pk": 6,
  "fields": {
    "report": 6,
    "user": 1,
    "admin": 2,
    "content": "고라니는 이미 구조된 개체로 확인되어 상황 종료되었습니다.",
    "feedback_datetime": "2025-08-21T11:45:09Z"
  }
},
{
  "model": "api.feedback",
  "pk": 7,
  "fields": {
    "report": 7,
    "user": 3,
    "admin": 1,
    "content": "족제비는 생태 조사 결과 무해 개체로 판단되어 특별 조치 없이 종료합니다.",
    "feedback_datetime": "2025-08-21T11:45:09Z"
  }
},
{
  "model": "api.feedback",
  "pk": 8,
  "fields": {
    "report": 8,
    "user": 2,
    "admin": 2,
    "content": "너구리는 중랑천 일대 순찰 강화와 함께 추가 모니터링 예정입니다.",
    "feedback_datetime": "2025-08-21T11:45:09Z"
  }
},
{
  "model": "api.feedback",
  "pk": 9,
  "fields": {
    "report": 9,
    "user": 4,
    "admin": 3,
    "content": "멧토끼는 인천대공원 인근 자연 서식지에서 관찰되며, 안내판 설치 완료했습니다.",
    "feedback_datetime": "2025-08-21T11:45:09Z"
  }
},
{
  "model": "api.feedback",
  "pk": 10,
  "fields": {
    "report": 10,
    "user": 28,
    "admin": 1,
    "content": "너구리는 안전하게 유인 후 방사되었습니다. 감사합니다.",
    "feedback_datetime": "2025-08-21T11:45:09Z"
  }
},
{
  "model": "api.feedback",
  "pk": 11,
  "fields": {
    "report": 11,
    "user": 17,
    "admin": 2,
    "content": "멧돼지는 송도 인근 접근으로 인해 일시적으로 출입 통제 중입니다.",
    "feedback_datetime": "2025-08-21T11:45:09Z"
  }
},
{
  "model": "api.feedback",
  "pk": 12,
  "fields": {
    "report": 12,
    "user": 29,
    "admin": 3,
    "content": "너구리는 영등포공원 내 순찰 강화 후 별다른 이상 없이 자연 방사됐습니다.",
    "feedback_datetime": "2025-08-21T11:45:09Z"
  }
},
{
  "model": "api.feedback",
  "pk": 13,
  "fields": {
    "report": 13,
    "user": 12,
    "admin": 2,
    "content": "멧돼지는 야생동물 보호소로 이송되었습니다.",
    "feedback_datetime": "2025-08-21T11:45:09Z"
  }
},
{
  "model": "api.feedback",
  "pk": 14,
  "fields": {
    "report": 14,
    "user": 5,
    "admin": 1,
    "content": "고라니는 위험 구간 인근에 있어 구조 대응 중입니다.",
    "feedback_datetime": "2025-08-21T11:45:09Z"
  }
},
{
  "model": "api.feedback",
  "pk": 15,
  "fields": {
    "report": 15,
    "user": 2,
    "admin": 3,
    "content": "멧돼지는 출몰 빈도가 높아, 울주군 일대에 순찰 강화 요청했습니다.",
    "feedback_datetime": "2025-08-21T11:45:09Z"
  }
},
{
  "model": "api.feedback",
  "pk": 16,
  "fields": {
    "report": 16,
    "user": 30,
    "admin": 1,
    "content": "노루는 대구 달서구 일대 자연 서식 중이며, 안전 안내판을 설치했습니다.",
    "feedback_datetime": "2025-08-21T11:45:09Z"
  }
},
{
  "model": "api.feedback",
  "pk": 17,
  "fields": {
    "report": 17,
    "user": 33,
    "admin": 2,
    "content": "노루는 인근 생태 지역 보호 조치 완료되었습니다.",
    "feedback_datetime": "2025-08-21T11:45:09Z"
  }
},
{
  "model": "api.feedback",
  "pk": 18,
  "fields": {
    "report": 18,
    "user": 7,
    "admin": 3,
    "content": "고라니는 충주시 생태공원 주변에서 보호 중이며, 추가 신고 시 구조 예정입니다.",
    "feedback_datetime": "2025-08-21T11:45:09Z"
  }
},
{
  "model": "api.feedback",
  "pk": 19,
  "fields": {
    "report": 19,
    "user": 26,
    "admin": 1,
    "content": "고라니는 김해 계곡 내 구조 작업 완료됐으며, 보호시설로 이송 중입니다.",
    "feedback_datetime": "2025-08-21T11:45:09Z"
  }
},
{
  "model": "api.feedback",
  "pk": 20,
  "fields": {
    "report": 20,
    "user": 8,
    "admin": 2,
    "content": "왜가리는 자연 보호 대상 조류로 지정되어 있으며 보호 중입니다.",
    "feedback_datetime": "2025-08-21T11:45:09Z"
  }
},
{
  "model": "api.feedback",
  "pk": 21,
  "fields": {
    "report": 21,
    "user": 1,
    "admin": 3,
    "content": "고라니는 광교호수공원 인근 구조팀 출동 후 안전하게 격리되었습니다.",
    "feedback_datetime": "2025-08-21T11:45:09Z"
  }
},
{
  "model": "api.feedback",
  "pk": 22,
  "fields": {
    "report": 22,
    "user": 18,
    "admin": 1,
    "content": "노루는 무심천변 공원 내 위험 지역에서 이동 중으로 순찰 강화 중입니다.",
    "feedback_datetime": "2025-08-21T11:45:09Z"
  }
},
{
  "model": "api.feedback",
  "pk": 23,
  "fields": {
    "report": 23,
    "user": 22,
    "admin": 2,
    "content": "노루는 국가정원 보호구역 내 자연 상태로 관찰 중입니다.",
    "feedback_datetime": "2025-08-21T11:45:09Z"
  }
},
{
  "model": "api.feedback",
  "pk": 24,
  "fields": {
    "report": 24,
    "user": 14,
    "admin": 3,
    "content": "너구리는 위험 지역 인근으로 식별되어 포획 및 방사 완료했습니다.",
    "feedback_datetime": "2025-08-21T11:45:09Z"
  }
},
{
  "model": "api.feedback",
  "pk": 25,
  "fields": {
    "report": 25,
    "user": 31,
    "admin": 2,
    "content": "고라니는 불갑산 일대 순찰 중 구조 작업 진행 중입니다.",
    "feedback_datetime": "2025-08-21T11:45:09Z"
  }
},
{
  "model": "api.feedback",
  "pk": 26,
  "fields": {
    "report": 26,
    "user": 27,
    "admin": 1,
    "content": "다람쥐는 보호종이 아니며, 자연 상태로 두는 것이 적절합니다.",
    "feedback_datetime": "2025-08-21T11:45:09Z"
  }
},
{
  "model": "api.feedback",
  "pk": 27,
  "fields": {
    "report": 27,
    "user": 15,
    "admin": 3,
    "content": "고라니는 용문산 일대 유기동물로 판단되어 구조 후 보호 중입니다.",
    "feedback_datetime": "2025-08-21T11:45:09Z"
  }
},
{
  "model": "api.feedback",
  "pk": 28,
  "fields": {
    "report": 28,
    "user": 24,
    "admin": 2,
    "content": "너구리는 홍제천 일대에서 순찰 강화 후 별도 이상 없이 종료되었습니다.",
    "feedback_datetime": "2025-08-21T11:45:09Z"
  }
},
{
  "model": "api.feedback",
  "pk": 29,
  "fields": {
    "report": 29,
    "user": 34,
    "admin": 3,
    "content": "족제비는 서울숲 내에서 발견되었으며 무해 개체로 분류되어 상황 종료했습니다.",
    "feedback_datetime": "2025-08-21T11:45:09Z"
  }
},
{
  "model": "api.feedback",
  "pk": 30,
  "fields": {
    "report": 30,
    "user": 10,
    "admin": 1,
    "content": "왜가리는 한강변 보호구역 내 자연 서식 중입니다.",
    "feedback_datetime": "2025-08-21T11:45:09Z"
  }
},
{
  "model": "api.feedback",
  "pk": 31,
  "fields": {
    "report": 31,
    "user": 28,
    "admin": 3,
    "content": "반달가슴곰은 발견 직후 수색 작업 중입니다. 신고 감사합니다.",
    "feedback_datetime": "2025-08-21T11:45:09Z"
  }
},
{
  "model": "api.feedback",
  "pk": 32,
  "fields": {
    "report": 32,
    "user": 20,
    "admin": 2,
    "content": "멧토끼는 출몰 지역의 순찰을 강화하여 위험 요소를 차단했습니다.",
    "feedback_datetime": "2025-08-21T11:45:09Z"
  }
},
{
  "model": "api.feedback",
  "pk": 33,
  "fields": {
    "report": 33,
    "user": 6,
    "admin": 1,
    "content": "족제비는 순천 국가정원에서 확인되어 보호 없이 방사하였습니다.",
    "feedback_datetime": "2025-08-21T11:45:09Z"
  }
},
{
  "model": "api.feedback",
  "pk": 34,
  "fields": {
    "report": 34,
    "user": 16,
    "admin": 3,
    "content": "반달가슴곰은 성남시 탄천 일대에서 포획 후 보호시설로 이송되었습니다.",
    "feedback_datetime": "2025-08-21T11:45:09Z"
  }
},
{
  "model": "api.feedback",
  "pk": 35,
  "fields": {
    "report": 35,
    "user": 19,
    "admin": 2,
    "content": "중대백로는 중랑천변 생태구역 내 보호종으로 관찰만 가능함을 알려드립니다.",
    "feedback_datetime": "2025-08-21T11:45:09Z"
  }
},
{
  "model": "api.feedback",
  "pk": 36,
  "fields": {
    "report": 36,
    "user": 23,
    "admin": 1,
    "content": "멧토끼는 광주천 일대 보호지역으로 유도 완료했습니다.",
    "feedback_datetime": "2025-08-21T11:45:09Z"
  }
},
{
  "model": "api.feedback",
  "pk": 37,
  "fields": {
    "report": 37,
    "user": 9,
    "admin": 3,
    "content": "족제비는 도심공원에서 발견되어 무해 개체로 판별되어 별도 조치 없습니다.",
    "feedback_datetime": "2025-08-21T11:45:09Z"
  }
},
{
  "model": "api.feedback",
  "pk": 38,
  "fields": {
    "report": 38,
    "user": 32,
    "admin": 2,
    "content": "반달가슴곰은 포항 강변에서 추적 중이며 위험 구간 출입 통제 중입니다.",
    "feedback_datetime": "2025-08-21T11:45:09Z"
  }
},
{
  "model": "api.feedback",
  "pk": 39,
  "fields": {
    "report": 39,
    "user": 11,
    "admin": 1,
    "content": "중대백로는 태화강 국가정원 일대에서 보호종으로 지정되어 있으며 관리 중입니다.",
    "feedback_datetime": "2025-08-21T11:45:09Z"
  }
},
{
  "model": "api.feedback",
  "pk": 40,
  "fields": {
    "report": 40,
    "user": 48,
    "admin": 3,
    "content": "멧토끼는 서울숲 일대에서 자주 목격되어 지속적인 관찰 예정입니다.",
    "feedback_datetime": "2025-08-21T11:45:09Z"
  }
},
{
  "model": "api.feedback",
  "pk": 41,
  "fields": {
    "report": 41,
    "user": 43,
    "admin": 2,
    "content": "고라니는 세종시 도시녹지공원 일대에서 확인되었으며, 순찰을 통해 안전 조치 중입니다.",
    "feedback_datetime": "2025-08-21T11:45:09Z"
  }
},
{
  "model": "api.feedback",
  "pk": 42,
  "fields": {
    "report": 42,
    "user": 41,
    "admin": 1,
    "content": "너구리는 태조산 일대에서 목격되었으며, 위험 요소 회피 유도를 진행 중입니다.",
    "feedback_datetime": "2025-08-21T11:45:09Z"
  }
},
{
  "model": "api.feedback",
  "pk": 43,
  "fields": {
    "report": 43,
    "user": 49,
    "admin": 3,
    "content": "왜가리는 학성천 수변공원 인근에서 관찰되었으며, 조류보호구역 지정 대상입니다.",
    "feedback_datetime": "2025-08-21T11:45:09Z"
  }
},
{
  "model": "api.feedback",
  "pk": 44,
  "fields": {
    "report": 44,
    "user": 39,
    "admin": 2,
    "content": "다람쥐는 정읍천변 공원 자연 상태에서 서식 중이며, 인위적 개입은 없습니다.",
    "feedback_datetime": "2025-08-21T11:45:09Z"
  }
},
{
  "model": "api.feedback",
  "pk": 45,
  "fields": {
    "report": 45,
    "user": 40,
    "admin": 1,
    "content": "고라니는 화정천 수변녹지 구역 내 활동 중으로 지속 관찰 예정입니다.",
    "feedback_datetime": "2025-08-21T11:45:09Z"
  }
},
{
  "model": "api.feedback",
  "pk": 46,
  "fields": {
    "report": 46,
    "user": 37,
    "admin": 3,
    "content": "고라니는 둔치공원 인근에서 보호 필요성이 확인되어 대응 방안 검토 중입니다.",
    "feedback_datetime": "2025-08-21T11:45:09Z"
  }
},
{
  "model": "api.feedback",
  "pk": 47,
  "fields": {
    "report": 47,
    "user": 36,
    "admin": 2,
    "content": "너구리는 금강공원 내에서 확인되어 순찰 및 보호 활동을 강화하고 있습니다.",
    "feedback_datetime": "2025-08-21T11:45:09Z"
  }
},
{
  "model": "api.feedback",
  "pk": 48,
  "fields": {
    "report": 48,
    "user": 41,
    "admin": 1,
    "content": "반달가슴곰은 무등산 계곡 하류에서 확인되었으며, 접근 자제 권고 중입니다.",
    "feedback_datetime": "2025-08-21T11:45:09Z"
  }
},
{
  "model": "api.feedback",
  "pk": 49,
  "fields": {
    "report": 49,
    "user": 44,
    "admin": 2,
    "content": "왜가리는 유달산공원 조류보호구역에서 안정적으로 서식 중입니다.",
    "feedback_datetime": "2025-08-21T11:45:09Z"
  }
},
{
  "model": "api.feedback",
  "pk": 50,
  "fields": {
    "report": 50,
    "user": 55,
    "admin": 3,
    "content": "고라니는 행주산성 공원 일대에서 목격되어 현장 점검 후 보호 조치 진행 중입니다.",
    "feedback_datetime": "2025-08-21T11:45:09Z"
  }
}
]
